2.000000000000000111e-01,8.406152343749999645e-01,1.325006103515625200e-01,7.800000000000000266e-01,0.000000000000000000e+00
2.006919505329225473e-01,1.324987030029297075e-01,2.069272613525390825e-01,7.800000000000000266e-01,0.000000000000000000e+00
2.007397124500368002e-01,1.324987030029297075e-01,3.024510955810547075e-01,7.800000000000000266e-01,3.750000000000000000e+05
2.023197584263453919e-01,1.749459228515624964e+00,1.325006103515625200e-01,7.800000000000000266e-01,0.000000000000000000e+00
2.027741804234157175e-01,2.658303222656249964e+00,1.325006103515625200e-01,7.800000000000000266e-01,3.750000000000000000e+05
2.052423216493565739e-01,1.324987030029297075e-01,3.979730224609375200e-01,7.800000000000000266e-01,0.000000000000000000e+00
2.052900835664708268e-01,1.324987030029297075e-01,4.934968566894531450e-01,7.800000000000000266e-01,3.750000000000000000e+05
2.086463183923574216e-01,3.567145309448242152e+00,1.325006103515625200e-01,7.800000000000000266e-01,0.000000000000000000e+00
2.091007403894277472e-01,4.475989303588867152e+00,1.325006103515625200e-01,7.800000000000000266e-01,3.750000000000000000e+05
2.133450706587003420e-01,1.324987030029297075e-01,5.890206909179687145e-01,7.800000000000000266e-01,0.000000000000000000e+00
2.133928316221402888e-01,1.324987030029297075e-01,6.845426177978515270e-01,7.800000000000000266e-01,3.750000000000000000e+05
2.185252571410454259e-01,5.384833297729492152e+00,1.325006103515625200e-01,7.800000000000000266e-01,0.000000000000000000e+00
2.189796781844414175e-01,6.293675384521484339e+00,1.325006103515625200e-01,7.800000000000000266e-01,3.750000000000000000e+05
2.250001973032922653e-01,1.324987030029297075e-01,7.800664520263671520e-01,7.800000000000000266e-01,0.000000000000000000e+00
2.250479592204065182e-01,1.324987030029297075e-01,8.755902862548827770e-01,7.800000000000000266e-01,3.750000000000000000e+05
2.319565737826433660e-01,7.202519378662109339e+00,1.325006103515625200e-01,7.800000000000000266e-01,0.000000000000000000e+00
2.324109953028765108e-01,8.111362419128418821e+00,1.325006103515625200e-01,7.800000000000000266e-01,3.750000000000000000e+05
2.402077043867792416e-01,1.324987030029297075e-01,9.711141204833984020e-01,7.800000000000000266e-01,0.000000000000000000e+00
2.402554653502191884e-01,1.324987030029297075e-01,1.066636047363281214e+00,7.800000000000000266e-01,3.750000000000000000e+05
2.489402696837544338e-01,9.020206413269043821e+00,1.325006103515625200e-01,7.800000000000000266e-01,0.000000000000000000e+00
2.493946912039875785e-01,9.929049453735352415e+00,1.325006103515625200e-01,7.800000000000000266e-01,3.750000000000000000e+05
2.589675900591886792e-01,1.324987030029297075e-01,1.162159881591796839e+00,7.800000000000000266e-01,0.000000000000000000e+00
2.590153519763029322e-01,1.324987030029297075e-01,1.257683715820312464e+00,7.800000000000000266e-01,3.750000000000000000e+05
2.694763462748900329e-01,1.083789344787597742e+01,1.325006103515625200e-01,7.800000000000000266e-01,0.000000000000000000e+00
2.699307677951232054e-01,1.174673648834228601e+01,1.325006103515625200e-01,7.800000000000000266e-01,3.750000000000000000e+05
2.812798566153761892e-01,1.324987030029297075e-01,1.353207550048828089e+00,7.800000000000000266e-01,0.000000000000000000e+00
2.813276175788161360e-01,1.324987030029297075e-01,1.448729476928710902e+00,7.800000000000000266e-01,3.750000000000000000e+05
2.935648007269814896e-01,1.265557952880859460e+01,1.325006103515625200e-01,7.800000000000000266e-01,0.000000000000000000e+00
2.940192227240517875e-01,1.356442352294921960e+01,1.325006103515625200e-01,7.800000000000000266e-01,3.750000000000000000e+05
3.071445013156031134e-01,1.324987030029297075e-01,1.544253311157226527e+00,7.800000000000000266e-01,0.000000000000000000e+00
3.071922632327173663e-01,1.324987030029297075e-01,1.639777145385742152e+00,7.800000000000000266e-01,3.750000000000000000e+05
3.212056363459345754e-01,1.447326656341552820e+01,1.325006103515625200e-01,7.800000000000000266e-01,0.000000000000000000e+00
3.216600576277491297e-01,1.538210912704467859e+01,1.325006103515625200e-01,7.800000000000000266e-01,3.750000000000000000e+05
3.365615246080187473e-01,1.324987030029297075e-01,1.735299072265624964e+00,7.800000000000000266e-01,0.000000000000000000e+00
3.366092865251330002e-01,1.324987030029297075e-01,1.830822906494140589e+00,7.800000000000000266e-01,3.750000000000000000e+05
3.523988489487885345e-01,1.629095312118530359e+01,1.325006103515625200e-01,7.800000000000000266e-01,0.000000000000000000e+00
3.528532704690217070e-01,1.719979616165161218e+01,1.325006103515625200e-01,7.800000000000000266e-01,3.750000000000000000e+05
3.695309274143431244e-01,1.324987030029297075e-01,1.926346740722656214e+00,7.800000000000000266e-01,0.000000000000000000e+00
3.695786888546201965e-01,1.324987030029297075e-01,2.021869621276855433e+00,7.800000000000000266e-01,3.750000000000000000e+05
3.871444411464508573e-01,1.810864015579223718e+01,1.325006103515625200e-01,7.800000000000000266e-01,0.000000000000000000e+00
3.875988621898468489e-01,1.901748224258422937e+01,1.325006103515625200e-01,7.800000000000000266e-01,3.750000000000000000e+05
4.060527079847465748e-01,1.324987030029297075e-01,2.117392501831054652e+00,7.800000000000000266e-01,0.000000000000000000e+00
4.061004699018608277e-01,1.324987030029297075e-01,2.212916336059570277e+00,7.800000000000000266e-01,3.750000000000000000e+05
4.254424111401465258e-01,1.992632623672485437e+01,1.325006103515625200e-01,7.800000000000000266e-01,0.000000000000000000e+00
4.258968331968214782e-01,2.083517035007476892e+01,1.325006103515625200e-01,7.800000000000000266e-01,3.750000000000000000e+05
4.461268698968314239e-01,1.324987030029297075e-01,2.308439216613769496e+00,7.800000000000000266e-01,0.000000000000000000e+00
4.461746318139456768e-01,1.324987030029297075e-01,2.403963050842285121e+00,7.800000000000000266e-01,3.750000000000000000e+05
4.672927621139014165e-01,2.174401243686676111e+01,1.325006103515625200e-01,7.800000000000000266e-01,0.000000000000000000e+00
4.677471841109717143e-01,2.265285643100738611e+01,1.325006103515625200e-01,7.800000000000000266e-01,3.750000000000000000e+05
4.897534097574366974e-01,1.324987030029297075e-01,2.499485931396484339e+00,7.800000000000000266e-01,0.000000000000000000e+00
4.898011716745509503e-01,1.324987030029297075e-01,2.595009765624999964e+00,7.800000000000000266e-01,3.750000000000000000e+05
5.126954927644018500e-01,2.356170042514801111e+01,1.325006103515625200e-01,7.800000000000000266e-01,0.000000000000000000e+00
5.131499138077978417e-01,2.447054251194000329e+01,1.325006103515625200e-01,7.800000000000000266e-01,3.750000000000000000e+05
5.369323284007178065e-01,1.324987030029297075e-01,2.690532646179199183e+00,7.800000000000000266e-01,0.000000000000000000e+00
5.369800898409948786e-01,1.324987030029297075e-01,2.786055526733398402e+00,7.800000000000000266e-01,3.750000000000000000e+05
5.616505996652091381e-01,2.537938638687133874e+01,1.325006103515625200e-01,7.800000000000000266e-01,0.000000000000000000e+00
5.621050216622794915e-01,2.628823038101196374e+01,1.325006103515625200e-01,7.800000000000000266e-01,3.750000000000000000e+05
5.876636269298797233e-01,1.324987030029297075e-01,2.881579360961914027e+00,7.800000000000000266e-01,0.000000000000000000e+00
5.877113883701567953e-01,1.324987030029297075e-01,2.977102241516113246e+00,7.800000000000000266e-01,3.750000000000000000e+05
6.141580871408260922e-01,2.719707246780395593e+01,1.325006103515625200e-01,7.800000000000000266e-01,0.000000000000000000e+00
6.146125091378964456e-01,2.810591646194458093e+01,1.325006103515625200e-01,7.800000000000000266e-01,3.750000000000000000e+05
6.419473033519516036e-01,1.324987030029297075e-01,3.072626075744628871e+00,7.800000000000000266e-01,0.000000000000000000e+00
6.419950647922286757e-01,1.324987030029297075e-01,3.168148956298828089e+00,7.800000000000000266e-01,3.750000000000000000e+05
6.702179543527931882e-01,2.901476045608520593e+01,1.325006103515625200e-01,7.800000000000000266e-01,0.000000000000000000e+00
6.706723753961891799e-01,2.992360254287719812e+01,1.325006103515625200e-01,7.800000000000000266e-01,3.750000000000000000e+05
6.997833585566993753e-01,1.324987030029297075e-01,3.263672790527343714e+00,7.800000000000000266e-01,0.000000000000000000e+00
6.998311199969764473e-01,1.324987030029297075e-01,3.359195671081542933e+00,7.800000000000000266e-01,3.750000000000000000e+05
7.298301989648560140e-01,3.083244701385498132e+01,1.325006103515625200e-01,7.800000000000000266e-01,0.000000000000000000e+00
7.302846209619263673e-01,3.174129100799560632e+01,1.325006103515625200e-01,7.800000000000000266e-01,3.750000000000000000e+05
7.611717952763151773e-01,1.324987030029297075e-01,3.454718551635742152e+00,7.800000000000000266e-01,0.000000000000000000e+00
7.612195571934294858e-01,1.324987030029297075e-01,3.550242385864257777e+00,7.800000000000000266e-01,3.750000000000000000e+05
7.929948251077640897e-01,3.265013309478759851e+01,1.325006103515625200e-01,7.800000000000000266e-01,0.000000000000000000e+00
7.934492471048344431e-01,3.355897708892822351e+01,1.325006103515625200e-01,7.800000000000000266e-01,3.750000000000000000e+05
8.261126103656782904e-01,1.324987030029297075e-01,3.645765266418456996e+00,7.800000000000000266e-01,0.000000000000000000e+00
8.261603722827925989e-01,1.324987030029297075e-01,3.741289100646972621e+00,7.800000000000000266e-01,3.750000000000000000e+05
8.597118309870224184e-01,3.446782108306884851e+01,1.325006103515625200e-01,7.800000000000000266e-01,0.000000000000000000e+00
8.601662529840927718e-01,3.537666507720947351e+01,1.325006103515625200e-01,7.800000000000000266e-01,3.750000000000000000e+05
8.946058070348318347e-01,1.324987030029297075e-01,3.836811981201171839e+00,7.800000000000000266e-01,0.000000000000000000e+00
8.946535689519461432e-01,1.324987030029297075e-01,3.932335815429687464e+00,7.800000000000000266e-01,3.750000000000000000e+05
9.299812184460711784e-01,3.628550907135009851e+01,1.325006103515625200e-01,7.800000000000000266e-01,0.000000000000000000e+00
9.304356385357928083e-01,3.719434925079345788e+01,1.325006103515625200e-01,7.800000000000000266e-01,3.750000000000000000e+05
9.666513796895466193e-01,1.324987030029297075e-01,4.027858695983886683e+00,7.800000000000000266e-01,0.000000000000000000e+00
9.666991411298236914e-01,1.324987030029297075e-01,4.123381576538085902e+00,7.800000000000000266e-01,3.750000000000000000e+05
1.003802977630086746e+00,3.810319324493408288e+01,1.325006103515625200e-01,7.800000000000000266e-01,0.000000000000000000e+00
1.004257399150319863e+00,3.901203628540039148e+01,1.325006103515625200e-01,7.800000000000000266e-01,3.750000000000000000e+05
1.042249330172248856e+00,1.324987030029297075e-01,4.218905410766601527e+00,7.800000000000000266e-01,0.000000000000000000e+00
1.042297091612526039e+00,1.324987030029297075e-01,4.314428291320800746e+00,7.800000000000000266e-01,3.750000000000000000e+05
1.081177117980964164e+00,3.992088027954101648e+01,1.325006103515625200e-01,7.800000000000000266e-01,0.000000000000000000e+00
1.081631539978034517e+00,4.082972427368164148e+01,1.325006103515625200e-01,7.800000000000000266e-01,3.750000000000000000e+05
1.121399661789858726e+00,1.324987030029297075e-01,4.409952125549316371e+00,7.800000000000000266e-01,0.000000000000000000e+00
1.121447423230135909e+00,1.324987030029297075e-01,4.505475006103515589e+00,7.800000000000000266e-01,3.750000000000000000e+05
1.162103640388469250e+00,4.173856826782226648e+01,1.325006103515625200e-01,7.800000000000000266e-01,0.000000000000000000e+00
1.162558060478190880e+00,4.264740844726562585e+01,1.325006103515625200e-01,7.800000000000000266e-01,3.750000000000000000e+05
1.204102369393029948e+00,1.324987030029297075e-01,4.600998840332031214e+00,7.800000000000000266e-01,0.000000000000000000e+00
1.204150130833307131e+00,1.324987030029297075e-01,4.696521720886230433e+00,7.800000000000000266e-01,3.750000000000000000e+05
1.246582535094655331e+00,4.355625244140625085e+01,1.325006103515625200e-01,7.800000000000000266e-01,0.000000000000000000e+00
1.247036957091725684e+00,4.446509643554687585e+01,1.325006103515625200e-01,7.800000000000000266e-01,3.750000000000000000e+05
1.290357456796459967e+00,1.324987030029297075e-01,4.792045555114746058e+00,7.800000000000000266e-01,0.000000000000000000e+00
1.290405218236737150e+00,1.324987030029297075e-01,4.887568435668945277e+00,7.800000000000000266e-01,3.750000000000000000e+05
1.334089618185072101e+00,4.483749862670898523e+01,1.888837432861328325e-01,7.800000000000000266e-01,0.000000000000000000e+00
1.334137380102186299e+00,4.483749862670898523e+01,2.844075775146484575e-01,7.800000000000000266e-01,3.750000000000000000e+05
1.377821779953644521e+00,1.324987030029297075e-01,4.983091316223144496e+00,7.800000000000000266e-01,0.000000000000000000e+00
1.377869541870758718e+00,1.324987030029297075e-01,5.078615150451660121e+00,7.800000000000000266e-01,3.750000000000000000e+05
1.421553941915970398e+00,4.483749862670898523e+01,3.799295043945312700e-01,7.800000000000000266e-01,0.000000000000000000e+00
1.421601703833084596e+00,4.483749862670898523e+01,4.754533386230468950e-01,7.800000000000000266e-01,3.750000000000000000e+05
1.465286103781419547e+00,1.324987030029297075e-01,5.174138031005859339e+00,7.800000000000000266e-01,0.000000000000000000e+00
1.465333865698533744e+00,1.324987030029297075e-01,5.269661865234374964e+00,7.800000000000000266e-01,3.750000000000000000e+05
1.509018265646868695e+00,4.483749862670898523e+01,5.709771728515624645e-01,7.800000000000000266e-01,0.000000000000000000e+00
1.509066026610308642e+00,4.483749862670898523e+01,6.664990997314452770e-01,7.800000000000000266e-01,3.750000000000000000e+05
1.552750426655520322e+00,1.324987030029297075e-01,5.365184745788574183e+00,7.800000000000000266e-01,0.000000000000000000e+00
1.552798188095797505e+00,1.324987030029297075e-01,5.460707626342773402e+00,7.800000000000000266e-01,3.750000000000000000e+05
1.596482588044132456e+00,4.483749862670898523e+01,7.620229339599609020e-01,7.800000000000000266e-01,0.000000000000000000e+00
1.596530349961246653e+00,4.483749862670898523e+01,8.575467681884765270e-01,7.800000000000000266e-01,3.750000000000000000e+05
1.640214749909581604e+00,1.324987030029297075e-01,5.556231460571289027e+00,7.800000000000000266e-01,0.000000000000000000e+00
1.640262511349858787e+00,1.324987030029297075e-01,5.651754341125488246e+00,7.800000000000000266e-01,3.750000000000000000e+05
1.683946911395070467e+00,4.483749862670898523e+01,9.530686950683593395e-01,7.800000000000000266e-01,0.000000000000000000e+00
1.683994673312184664e+00,4.483749862670898523e+01,1.048592529296874964e+00,7.800000000000000266e-01,3.750000000000000000e+05
1.727679073357396344e+00,1.324987030029297075e-01,5.747278175354003871e+00,7.800000000000000266e-01,0.000000000000000000e+00
1.727726834797673527e+00,1.324987030029297075e-01,5.842801055908203089e+00,7.800000000000000266e-01,3.750000000000000000e+05
1.771411234746008478e+00,4.483749862670898523e+01,1.144116363525390589e+00,7.800000000000000266e-01,0.000000000000000000e+00
1.771458996663122676e+00,4.483749862670898523e+01,1.239640197753906214e+00,7.800000000000000266e-01,3.750000000000000000e+05
1.815143396611457627e+00,1.324987030029297075e-01,5.938324890136718714e+00,7.800000000000000266e-01,0.000000000000000000e+00
1.815191158051734810e+00,1.324987030029297075e-01,6.033847770690917933e+00,7.800000000000000266e-01,3.750000000000000000e+05
1.858875558096946490e+00,4.483749862670898523e+01,1.335162124633789027e+00,7.800000000000000266e-01,0.000000000000000000e+00
1.858923320014060687e+00,4.483749862670898523e+01,1.430685958862304652e+00,7.800000000000000266e-01,3.750000000000000000e+05
1.902607719962395638e+00,1.324987030029297075e-01,6.129370651245117152e+00,7.800000000000000266e-01,0.000000000000000000e+00
1.902655481879509836e+00,1.324987030029297075e-01,6.224894485473632777e+00,7.800000000000000266e-01,3.750000000000000000e+05
1.946339881827844787e+00,4.483749862670898523e+01,1.526209793090820277e+00,7.800000000000000266e-01,0.000000000000000000e+00
1.946387642791284733e+00,4.483749862670898523e+01,1.621731719970703089e+00,7.800000000000000266e-01,3.750000000000000000e+05
1.990072042836496413e+00,1.324987030029297075e-01,6.320417366027831996e+00,7.800000000000000266e-01,0.000000000000000000e+00
1.990119804753610611e+00,1.324987030029297075e-01,6.415941200256347621e+00,7.800000000000000266e-01,3.750000000000000000e+05
2.033804204798822290e+00,4.483749862670898523e+01,1.717255554199218714e+00,7.800000000000000266e-01,0.000000000000000000e+00
2.033851966715936488e+00,4.483749862670898523e+01,1.812779388427734339e+00,7.800000000000000266e-01,3.750000000000000000e+05
2.077536366664271661e+00,1.324987030029297075e-01,6.511464080810546839e+00,7.800000000000000266e-01,0.000000000000000000e+00
2.077584128581385858e+00,1.324987030029297075e-01,6.606987915039062464e+00,7.800000000000000266e-01,3.750000000000000000e+05
2.121268528626597316e+00,4.483749862670898523e+01,1.908302268981933558e+00,7.800000000000000266e-01,0.000000000000000000e+00
2.121316290543711514e+00,4.483749862670898523e+01,2.003826103210449183e+00,7.800000000000000266e-01,3.750000000000000000e+05
2.165000690492046687e+00,1.324987030029297075e-01,6.702510795593261683e+00,7.800000000000000266e-01,0.000000000000000000e+00
2.165048451932323648e+00,1.324987030029297075e-01,6.798033676147460902e+00,7.800000000000000266e-01,3.750000000000000000e+05
2.208732851880658821e+00,4.483749862670898523e+01,2.099348983764648402e+00,7.800000000000000266e-01,0.000000000000000000e+00
2.208780613797773018e+00,4.483749862670898523e+01,2.194872817993164027e+00,7.800000000000000266e-01,3.750000000000000000e+05
2.252465013746108191e+00,1.324987030029297075e-01,6.893557510375976527e+00,7.800000000000000266e-01,0.000000000000000000e+00
2.252512775186385152e+00,1.324987030029297075e-01,6.989080390930175746e+00,7.800000000000000266e-01,3.750000000000000000e+05
2.296197175134720325e+00,4.483749862670898523e+01,2.290395698547363246e+00,7.800000000000000266e-01,0.000000000000000000e+00
2.296244936574997286e+00,4.483749862670898523e+01,2.385918579101562464e+00,7.800000000000000266e-01,3.750000000000000000e+05
2.339929336620208744e+00,1.324987030029297075e-01,7.084604225158691371e+00,7.800000000000000266e-01,0.000000000000000000e+00
2.339977098060485705e+00,1.324987030029297075e-01,7.180127105712890589e+00,7.800000000000000266e-01,3.750000000000000000e+05
2.383661498008820878e+00,4.483749862670898523e+01,2.481442413330078089e+00,7.800000000000000266e-01,0.000000000000000000e+00
2.383709259449097839e+00,4.483749862670898523e+01,2.576965293884277308e+00,7.800000000000000266e-01,3.750000000000000000e+05
2.427393659494309297e+00,1.324987030029297075e-01,7.275650939941406214e+00,7.800000000000000266e-01,0.000000000000000000e+00
2.427441420934586258e+00,1.324987030029297075e-01,7.371173820495605433e+00,7.800000000000000266e-01,3.750000000000000000e+05
2.471125820882921431e+00,4.483749862670898523e+01,2.672489128112792933e+00,7.800000000000000266e-01,0.000000000000000000e+00
2.471173582323198392e+00,4.483749862670898523e+01,2.768012008666992152e+00,7.800000000000000266e-01,3.750000000000000000e+05
2.514857982271533565e+00,1.324987030029297075e-01,7.466696701049804652e+00,7.800000000000000266e-01,0.000000000000000000e+00
2.514905744188647763e+00,1.324987030029297075e-01,7.562220535278320277e+00,7.800000000000000266e-01,3.750000000000000000e+05
2.558590144136982936e+00,4.483749862670898523e+01,2.863535842895507777e+00,7.800000000000000266e-01,0.000000000000000000e+00
2.558637905577259897e+00,4.483749862670898523e+01,2.959058723449706996e+00,7.800000000000000266e-01,3.750000000000000000e+05
2.602322305525595070e+00,1.324987030029297075e-01,7.657743415832519496e+00,7.800000000000000266e-01,0.000000000000000000e+00
2.602370067442709267e+00,1.324987030029297075e-01,7.753267250061035121e+00,7.800000000000000266e-01,3.750000000000000000e+05
2.646054467487920725e+00,4.483749862670898523e+01,3.054581604003906214e+00,7.800000000000000266e-01,0.000000000000000000e+00
2.646102229405034922e+00,4.483749862670898523e+01,3.150105438232421839e+00,7.800000000000000266e-01,3.750000000000000000e+05
2.689786629353370095e+00,1.324987030029297075e-01,7.848790130615234339e+00,7.800000000000000266e-01,0.000000000000000000e+00
2.689834391270484293e+00,1.324987030029297075e-01,7.944313964843749964e+00,7.800000000000000266e-01,3.750000000000000000e+05
2.733518791315695751e+00,4.483749862670898523e+01,3.245628318786621058e+00,7.800000000000000266e-01,0.000000000000000000e+00
2.733566553232809948e+00,4.483749862670898523e+01,3.341152153015136683e+00,7.800000000000000266e-01,3.750000000000000000e+05
2.777250953181145121e+00,1.324987030029297075e-01,8.039836845397950071e+00,7.800000000000000266e-01,0.000000000000000000e+00
2.777298715098259319e+00,1.324987030029297075e-01,8.135360679626465696e+00,7.800000000000000266e-01,3.750000000000000000e+05
2.820983115143470776e+00,4.483749862670898523e+01,3.436675033569335902e+00,7.800000000000000266e-01,0.000000000000000000e+00
2.821030877060584974e+00,4.483749862670898523e+01,3.532198867797851527e+00,7.800000000000000266e-01,3.750000000000000000e+05
2.864715277008920147e+00,1.324987030029297075e-01,8.230883560180664915e+00,7.800000000000000266e-01,0.000000000000000000e+00
2.864763038926034344e+00,1.324987030029297075e-01,8.326407394409180540e+00,7.800000000000000266e-01,3.750000000000000000e+05
2.908447438971245802e+00,4.483749862670898523e+01,3.627721748352050746e+00,7.800000000000000266e-01,0.000000000000000000e+00
2.908495200411522763e+00,4.483749862670898523e+01,3.723244628906249964e+00,7.800000000000000266e-01,3.750000000000000000e+05
2.952179600456734221e+00,1.324987030029297075e-01,8.421930274963379759e+00,7.800000000000000266e-01,0.000000000000000000e+00
2.952227361897011182e+00,1.324987030029297075e-01,8.517453155517578978e+00,7.800000000000000266e-01,3.750000000000000000e+05
2.995911761845346355e+00,4.483749862670898523e+01,3.818768463134765589e+00,7.800000000000000266e-01,0.000000000000000000e+00
2.995959523285623316e+00,4.483749862670898523e+01,3.914291343688964808e+00,7.800000000000000266e-01,3.750000000000000000e+05
3.039643923330834774e+00,1.324987030029297075e-01,8.612976989746094603e+00,7.800000000000000266e-01,0.000000000000000000e+00
3.039691684771111735e+00,1.324987030029297075e-01,8.708499870300293821e+00,7.800000000000000266e-01,3.750000000000000000e+05
3.083376084719446908e+00,4.483749862670898523e+01,4.009815177917480433e+00,7.800000000000000266e-01,0.000000000000000000e+00
3.083423846159723869e+00,4.483749862670898523e+01,4.105338058471679652e+00,7.800000000000000266e-01,3.750000000000000000e+05
3.127108246204935327e+00,1.324987030029297075e-01,8.804023704528809446e+00,7.800000000000000266e-01,0.000000000000000000e+00
3.127156007645212288e+00,1.324987030029297075e-01,8.899546585083008665e+00,7.800000000000000266e-01,3.750000000000000000e+05
3.170840407593547461e+00,4.483749862670898523e+01,4.200861892700195277e+00,7.800000000000000266e-01,0.000000000000000000e+00
3.170888169033824422e+00,4.483749862670898523e+01,4.296384773254394496e+00,7.800000000000000266e-01,3.750000000000000000e+05
3.214572568982159595e+00,1.324987030029297075e-01,8.995069465637207884e+00,7.800000000000000266e-01,0.000000000000000000e+00
3.214620330899273792e+00,1.324987030029297075e-01,9.090593299865723509e+00,7.800000000000000266e-01,3.750000000000000000e+05
3.258304730847608965e+00,4.483749862670898523e+01,4.391908607482910121e+00,7.800000000000000266e-01,0.000000000000000000e+00
3.258352492287885926e+00,4.483749862670898523e+01,4.487431488037109339e+00,7.800000000000000266e-01,3.750000000000000000e+05
3.302036892236221099e+00,1.324987030029297075e-01,9.186116180419922728e+00,7.800000000000000266e-01,0.000000000000000000e+00
3.302084654153335297e+00,1.324987030029297075e-01,9.281640014648438353e+00,7.800000000000000266e-01,3.750000000000000000e+05
3.345769054198546755e+00,4.483749862670898523e+01,4.582954368591308558e+00,7.800000000000000266e-01,0.000000000000000000e+00
3.345816816115660952e+00,4.483749862670898523e+01,4.678478202819824183e+00,7.800000000000000266e-01,3.750000000000000000e+05
3.389501216063996125e+00,1.324987030029297075e-01,9.377162895202637571e+00,7.800000000000000266e-01,0.000000000000000000e+00
3.389548977981110323e+00,1.324987030029297075e-01,9.472686729431153196e+00,7.800000000000000266e-01,3.750000000000000000e+05
3.433233378026321780e+00,4.483749862670898523e+01,4.774001083374023402e+00,7.800000000000000266e-01,0.000000000000000000e+00
3.433281139943435978e+00,4.483749862670898523e+01,4.869524917602539027e+00,7.800000000000000266e-01,3.750000000000000000e+05
3.476965539891771151e+00,1.324987030029297075e-01,9.568209609985352415e+00,7.800000000000000266e-01,0.000000000000000000e+00
3.477013301332048112e+00,1.324987030029297075e-01,9.663732490539551634e+00,7.800000000000000266e-01,3.750000000000000000e+05
3.520697701280383285e+00,4.483749862670898523e+01,4.965047798156738246e+00,7.800000000000000266e-01,0.000000000000000000e+00
3.520745463197497482e+00,4.483749862670898523e+01,5.060571632385253871e+00,7.800000000000000266e-01,3.750000000000000000e+05
3.564429863145832655e+00,1.324987030029297075e-01,9.759256324768067259e+00,7.800000000000000266e-01,0.000000000000000000e+00
3.564477624586109616e+00,1.324987030029297075e-01,9.854779205322266478e+00,7.800000000000000266e-01,3.750000000000000000e+05
3.608162024534444789e+00,4.483749862670898523e+01,5.156094512939453089e+00,7.800000000000000266e-01,0.000000000000000000e+00
3.608209785974721751e+00,4.483749862670898523e+01,5.251617393493652308e+00,7.800000000000000266e-01,3.750000000000000000e+05
3.651894185971495066e+00,1.324987030029297075e-01,9.950302562713623900e+00,7.800000000000000266e-01,0.000000000000000000e+00
3.651941947411772027e+00,1.324987030029297075e-01,1.004582544326782312e+01,7.800000000000000266e-01,3.750000000000000000e+05
3.695626347311668614e+00,4.483749862670898523e+01,5.347141227722167933e+00,7.800000000000000266e-01,0.000000000000000000e+00
3.695674108751945575e+00,4.483749862670898523e+01,5.442664108276367152e+00,7.800000000000000266e-01,3.750000000000000000e+05
3.739358508748718890e+00,1.324987030029297075e-01,1.014134927749633874e+01,7.800000000000000266e-01,0.000000000000000000e+00
3.739406270188995851e+00,1.324987030029297075e-01,1.023687215805053796e+01,7.800000000000000266e-01,3.750000000000000000e+05
3.783090670088892438e+00,4.483749862670898523e+01,5.538187942504882777e+00,7.800000000000000266e-01,0.000000000000000000e+00
3.783138431529169399e+00,4.483749862670898523e+01,5.633710823059081996e+00,7.800000000000000266e-01,3.750000000000000000e+05
3.826822831429065985e+00,1.324987030029297075e-01,1.033239503860473718e+01,7.800000000000000266e-01,0.000000000000000000e+00
3.826870593346180183e+00,1.324987030029297075e-01,1.042791887283325281e+01,7.800000000000000266e-01,3.750000000000000000e+05
3.870554993342953498e+00,4.483749862670898523e+01,5.729233703613281214e+00,7.800000000000000266e-01,0.000000000000000000e+00
3.870602755260067696e+00,4.483749862670898523e+01,5.824757537841796839e+00,7.800000000000000266e-01,3.750000000000000000e+05
3.914287155159964282e+00,1.324987030029297075e-01,1.052344175338745202e+01,7.800000000000000266e-01,0.000000000000000000e+00
3.914334917077078480e+00,1.324987030029297075e-01,1.061896558761596765e+01,7.800000000000000266e-01,3.750000000000000000e+05
3.958019317073851795e+00,4.483749862670898523e+01,5.920280418395996058e+00,7.800000000000000266e-01,0.000000000000000000e+00
3.958067078990965992e+00,4.483749862670898523e+01,6.015804252624511683e+00,7.800000000000000266e-01,3.750000000000000000e+05
4.001035712765015795e+00,8.649873352050780895e-01,1.063750120162963952e+01,7.800000000000000266e-01,0.000000000000000000e+00
4.001490134762086370e+00,1.773831329345703089e+00,1.063750120162963952e+01,7.800000000000000266e-01,3.750000000000000000e+05
4.043570673189627485e+00,4.483749862670898523e+01,6.111327133178710902e+00,7.800000000000000266e-01,0.000000000000000000e+00
4.043618435106742126e+00,4.483749862670898523e+01,6.206850967407226527e+00,7.800000000000000266e-01,3.750000000000000000e+05
4.084810879934337002e+00,2.682673416137695277e+00,1.063750120162963952e+01,7.800000000000000266e-01,0.000000000000000000e+00
4.085265301931407578e+00,3.591517410278320277e+00,1.063750120162963952e+01,7.800000000000000266e-01,3.750000000000000000e+05
4.125569651412493322e+00,4.483749862670898523e+01,6.302373847961425746e+00,7.800000000000000266e-01,0.000000000000000000e+00
4.125617412852770727e+00,4.483749862670898523e+01,6.397896728515624964e+00,7.800000000000000266e-01,3.750000000000000000e+05
4.165033666987347338e+00,4.500361404418945277e+00,1.063750120162963952e+01,7.800000000000000266e-01,0.000000000000000000e+00
4.165488088030743441e+00,5.409203491210937464e+00,1.063750120162963952e+01,7.800000000000000266e-01,3.750000000000000000e+05
4.204016248565374703e+00,4.483749862670898523e+01,6.493420562744140589e+00,7.800000000000000266e-01,0.000000000000000000e+00
4.204064010005652108e+00,4.483749862670898523e+01,6.588943443298339808e+00,7.800000000000000266e-01,3.750000000000000000e+05
4.241704075193773349e+00,6.318047485351562464e+00,1.063750120162963952e+01,7.800000000000000266e-01,0.000000000000000000e+00
4.242158496714006688e+00,7.226890525817871058e+00,1.063750120162963952e+01,7.800000000000000266e-01,3.750000000000000000e+05
4.278910467380462102e+00,4.483749862670898523e+01,6.684467277526855433e+00,7.800000000000000266e-01,0.000000000000000000e+00
4.278958228820739507e+00,4.483749862670898523e+01,6.779990158081054652e+00,7.800000000000000266e-01,3.750000000000000000e+05
4.314822104140685788e+00,8.135734519958496946e+00,1.063750120162963952e+01,7.800000000000000266e-01,0.000000000000000000e+00
4.315276525660919127e+00,9.044577560424805540e+00,1.063750120162963952e+01,7.800000000000000266e-01,3.750000000000000000e+05
4.350252306459199581e+00,4.483749862670898523e+01,6.875513992309570277e+00,7.800000000000000266e-01,0.000000000000000000e+00
4.350300067899476986e+00,4.483749862670898523e+01,6.971036872863769496e+00,7.800000000000000266e-01,3.750000000000000000e+05
4.384387754272968785e+00,9.953420600891114134e+00,1.063750120162963952e+01,7.800000000000000266e-01,0.000000000000000000e+00
4.384842176270039360e+00,1.086226459503173913e+01,1.063750120162963952e+01,7.800000000000000266e-01,3.750000000000000000e+05
4.418041767297021138e+00,4.483749862670898523e+01,7.066559753417968714e+00,7.800000000000000266e-01,0.000000000000000000e+00
4.418089529214135780e+00,4.483749862670898523e+01,7.162083587646484339e+00,7.800000000000000266e-01,3.750000000000000000e+05
4.450401025719451731e+00,1.177110763549804773e+01,1.063750120162963952e+01,7.800000000000000266e-01,0.000000000000000000e+00
4.450855447239685070e+00,1.267995067596435632e+01,1.063750120162963952e+01,7.800000000000000266e-01,3.750000000000000000e+05
4.482278849320212366e+00,4.483749862670898523e+01,7.257606468200683558e+00,7.800000000000000266e-01,0.000000000000000000e+00
4.482326611237327008e+00,4.483749862670898523e+01,7.353130302429199183e+00,7.800000000000000266e-01,3.750000000000000000e+05
4.512861917874467999e+00,1.358879467010498132e+01,1.063750120162963952e+01,7.800000000000000266e-01,0.000000000000000000e+00
4.513316339156282275e+00,1.449763723373413171e+01,1.063750120162963952e+01,7.800000000000000266e-01,3.750000000000000000e+05
4.542963551829494406e+00,4.483749862670898523e+01,7.448653182983398402e+00,7.800000000000000266e-01,0.000000000000000000e+00
4.543011313746609048e+00,4.483749862670898523e+01,7.544177017211914027e+00,7.800000000000000266e-01,3.750000000000000000e+05
4.571770430976434874e+00,1.540648122787475671e+01,1.063750120162963952e+01,7.800000000000000266e-01,0.000000000000000000e+00
4.572224852496668213e+00,1.631532426834106531e+01,1.063750120162963952e+01,7.800000000000000266e-01,3.750000000000000000e+05
4.600095875301705384e+00,4.483749862670898523e+01,7.639699897766113246e+00,7.800000000000000266e-01,0.000000000000000000e+00
4.600143636741982789e+00,4.483749862670898523e+01,7.735222778320312464e+00,7.800000000000000266e-01,3.750000000000000000e+05
4.627126564200510828e+00,1.722416826248169031e+01,1.063750120162963952e+01,7.800000000000000266e-01,0.000000000000000000e+00
4.627580985243906930e+00,1.813301034927368249e+01,1.063750120162963952e+01,7.800000000000000266e-01,3.750000000000000000e+05
4.653675819102488731e+00,4.483749862670898523e+01,7.830746612548828089e+00,7.800000000000000266e-01,0.000000000000000000e+00
4.653723580542766136e+00,4.483749862670898523e+01,7.926269493103027308e+00,7.800000000000000266e-01,3.750000000000000000e+05
4.678930319054838805e+00,1.904185434341430749e+01,1.063750120162963952e+01,7.800000000000000266e-01,0.000000000000000000e+00
4.679384741051909380e+00,1.995069833755493249e+01,1.063750120162963952e+01,7.800000000000000266e-01,3.750000000000000000e+05
4.703703384120595743e+00,4.483749862670898523e+01,8.021793327331543821e+00,7.800000000000000266e-01,0.000000000000000000e+00
4.703751145560873148e+00,4.483749862670898523e+01,8.117316207885743040e+00,7.800000000000000266e-01,3.750000000000000000e+05
4.727181695011275941e+00,2.085954054355621423e+01,1.063750120162963952e+01,7.800000000000000266e-01,0.000000000000000000e+00
4.727636117008346517e+00,2.176838453769683923e+01,1.063750120162963952e+01,7.800000000000000266e-01,3.750000000000000000e+05
4.750178571015363005e+00,4.483749862670898523e+01,8.212840042114258665e+00,7.800000000000000266e-01,0.000000000000000000e+00
4.750226332455640410e+00,4.483749862670898523e+01,8.308362922668457884e+00,7.800000000000000266e-01,3.750000000000000000e+05
4.771880691116147766e+00,2.267722853183746423e+01,1.063750120162963952e+01,7.800000000000000266e-01,0.000000000000000000e+00
4.772335112159543868e+00,2.358607061862945642e+01,1.063750120162963952e+01,7.800000000000000266e-01,3.750000000000000000e+05
4.793101377220105874e+00,4.483749862670898523e+01,8.403886756896973509e+00,7.800000000000000266e-01,0.000000000000000000e+00
4.793149138660383279e+00,4.483749862670898523e+01,8.499409637451172728e+00,7.800000000000000266e-01,3.750000000000000000e+05
4.813027308489650657e+00,2.449491449356079187e+01,1.063750120162963952e+01,7.800000000000000266e-01,0.000000000000000000e+00
4.813481730486721233e+00,2.540375848770141687e+01,1.063750120162963952e+01,7.800000000000000266e-01,3.750000000000000000e+05
4.832471804872602306e+00,4.483749862670898523e+01,8.594933471679688353e+00,7.800000000000000266e-01,0.000000000000000000e+00
4.832519566312879711e+00,4.483749862670898523e+01,8.690456352233887571e+00,7.800000000000000266e-01,3.750000000000000000e+05
4.850621547195691718e+00,2.631260057449340906e+01,1.063750120162963952e+01,7.800000000000000266e-01,0.000000000000000000e+00
4.851075969192762294e+00,2.722144456863403406e+01,1.063750120162963952e+01,7.800000000000000266e-01,3.750000000000000000e+05
4.868289854729065169e+00,4.483749862670898523e+01,8.785979232788086790e+00,7.800000000000000266e-01,0.000000000000000000e+00
4.868337616646179811e+00,4.483749862670898523e+01,8.881503067016602415e+00,7.800000000000000266e-01,3.750000000000000000e+05
4.884663406739097269e+00,2.813028856277465906e+01,1.063750120162963952e+01,7.800000000000000266e-01,0.000000000000000000e+00
4.885117827782493372e+00,2.903913064956665124e+01,1.063750120162963952e+01,7.800000000000000266e-01,3.750000000000000000e+05
4.900555524372341765e+00,4.483749862670898523e+01,8.977025947570801634e+00,7.800000000000000266e-01,0.000000000000000000e+00
4.900603286289456406e+00,4.483749862670898523e+01,9.072549781799317259e+00,7.800000000000000266e-01,3.750000000000000000e+05
4.915152887435918494e+00,2.994797464370727624e+01,1.063750120162963952e+01,7.800000000000000266e-01,0.000000000000000000e+00
4.915607309671407243e+00,3.085681911468505945e+01,1.063750120162963952e+01,7.800000000000000266e-01,3.750000000000000000e+05
4.929268815010500404e+00,4.483749862670898523e+01,9.168072662353516478e+00,7.800000000000000266e-01,0.000000000000000000e+00
4.929316576450777809e+00,4.483749862670898523e+01,9.263595542907715696e+00,7.800000000000000266e-01,3.750000000000000000e+05
4.942089988286801905e+00,3.176566120147705163e+01,1.063750120162963952e+01,7.800000000000000266e-01,0.000000000000000000e+00
4.942544410283872480e+00,3.267450519561767663e+01,1.063750120162963952e+01,7.800000000000000266e-01,3.750000000000000000e+05
4.954429726676510271e+00,4.483749862670898523e+01,9.359119377136231321e+00,7.800000000000000266e-01,0.000000000000000000e+00
4.954477488116787676e+00,4.483749862670898523e+01,9.454642257690430540e+00,7.800000000000000266e-01,3.750000000000000000e+05
4.965474709162916334e+00,3.358334918975830163e+01,1.063750120162963952e+01,7.800000000000000266e-01,0.000000000000000000e+00
4.965929131159986909e+00,3.449219318389892663e+01,1.063750120162963952e+01,7.800000000000000266e-01,3.750000000000000000e+05
4.976038256762729262e+00,4.483749862670898523e+01,9.550166091918946165e+00,7.800000000000000266e-01,0.000000000000000000e+00
4.976086018203006667e+00,4.483749862670898523e+01,9.645688972473145384e+00,7.800000000000000266e-01,3.750000000000000000e+05
4.985307052146120910e+00,3.540103336334228601e+01,1.063750120162963952e+01,7.800000000000000266e-01,0.000000000000000000e+00
4.985761474143191485e+00,3.630987735748291101e+01,1.063750120162963952e+01,7.800000000000000266e-01,3.750000000000000000e+05
4.994094412642919423e+00,4.483749862670898523e+01,9.741212806701661009e+00,7.800000000000000266e-01,0.000000000000000000e+00
4.994142174083196828e+00,4.483749862670898523e+01,9.836735687255860228e+00,7.800000000000000266e-01,3.750000000000000000e+05
5.001587017236415633e+00,3.721872135162353601e+01,1.063750120162963952e+01,7.800000000000000266e-01,0.000000000000000000e+00
5.002041439233486209e+00,3.812756534576416101e+01,1.063750120162963952e+01,7.800000000000000266e-01,3.750000000000000000e+05
5.008598187088633580e+00,4.483749862670898523e+01,9.932258090972901243e+00,7.800000000000000266e-01,0.000000000000000000e+00
5.008645949005748221e+00,4.483749862670898523e+01,1.002778192520141687e+01,7.800000000000000266e-01,3.750000000000000000e+05
5.014314602339229765e+00,3.903640838623046960e+01,1.063750120162963952e+01,7.800000000000000266e-01,0.000000000000000000e+00
5.014769024336300340e+00,3.994525238037109460e+01,1.063750120162963952e+01,7.800000000000000266e-01,3.750000000000000000e+05
5.019549582323272752e+00,4.483749862670898523e+01,1.012330480575561609e+01,7.800000000000000266e-01,0.000000000000000000e+00
5.019597344240387393e+00,4.483749862670898523e+01,1.021882863998413171e+01,7.800000000000000266e-01,3.750000000000000000e+05
5.023489810470854522e+00,4.085409255981445398e+01,1.063750120162963952e+01,7.800000000000000266e-01,0.000000000000000000e+00
5.023944232467925097e+00,4.176293655395507898e+01,1.063750120162963952e+01,7.800000000000000266e-01,3.750000000000000000e+05
5.026948603351883094e+00,4.483749862670898523e+01,1.031435152053833093e+01,7.800000000000000266e-01,0.000000000000000000e+00
5.026996365268997735e+00,4.483749862670898523e+01,1.040987535476684656e+01,7.800000000000000266e-01,3.750000000000000000e+05
5.029112640709569426e+00,4.267178054809570398e+01,1.063750120162963952e+01,7.800000000000000266e-01,0.000000000000000000e+00
5.029567062706640002e+00,4.358062454223632898e+01,1.063750120162963952e+01,7.800000000000000266e-01,3.750000000000000000e+05
5.030795242800702560e+00,4.483749862670898523e+01,1.050539823532104577e+01,7.800000000000000266e-01,0.000000000000000000e+00
5.030843004240979965e+00,4.483749862670898523e+01,1.060092111587524499e+01,7.800000000000000266e-01,3.750000000000000000e+05
5.031183088988533392e+00,4.448946853637695398e+01,1.063750120162963952e+01,7.800000000000000266e-01,0.000000000000000000e+00
5.053630680351541393e+00,8.406152343749999645e-01,1.325006103515625200e-01,7.800000000000000266e-01,3.750000000000000000e+05
5.054322630884463763e+00,1.324987030029297075e-01,2.069272613525390825e-01,7.800000000000000266e-01,0.000000000000000000e+00
5.054370392801578404e+00,1.324987030029297075e-01,3.024510955810547075e-01,7.800000000000000266e-01,3.750000000000000000e+05
5.055950438777887079e+00,1.749459228515624964e+00,1.325006103515625200e-01,7.800000000000000266e-01,0.000000000000000000e+00
5.056404860774957655e+00,2.658303222656249964e+00,1.325006103515625200e-01,7.800000000000000266e-01,3.750000000000000000e+05
5.058873002000898289e+00,1.324987030029297075e-01,3.979730224609375200e-01,7.800000000000000266e-01,0.000000000000000000e+00
5.058920763918012931e+00,1.324987030029297075e-01,4.934968566894531450e-01,7.800000000000000266e-01,3.750000000000000000e+05
5.062276998743899803e+00,3.567145309448242152e+00,1.325006103515625200e-01,7.800000000000000266e-01,0.000000000000000000e+00
5.062731420740970378e+00,4.475989303588867152e+00,1.325006103515625200e-01,7.800000000000000266e-01,3.750000000000000000e+05
5.066975751010242668e+00,1.324987030029297075e-01,5.890206909179687145e-01,7.800000000000000266e-01,0.000000000000000000e+00
5.067023511973682837e+00,1.324987030029297075e-01,6.845426177978515270e-01,7.800000000000000266e-01,3.750000000000000000e+05
5.072155937492587974e+00,5.384833297729492152e+00,1.325006103515625200e-01,7.800000000000000266e-01,0.000000000000000000e+00
5.072610358535984076e+00,6.293675384521484339e+00,1.325006103515625200e-01,7.800000000000000266e-01,3.750000000000000000e+05
5.078630877654834563e+00,1.324987030029297075e-01,7.800664520263671520e-01,7.800000000000000266e-01,0.000000000000000000e+00
5.078678639571949205e+00,1.324987030029297075e-01,8.755902862548827770e-01,7.800000000000000266e-01,3.750000000000000000e+05
5.085587254134185997e+00,7.202519378662109339e+00,1.325006103515625200e-01,7.800000000000000266e-01,0.000000000000000000e+00
5.086041675654419336e+00,8.111362419128418821e+00,1.325006103515625200e-01,7.800000000000000266e-01,3.750000000000000000e+05
5.093838384738321956e+00,1.324987030029297075e-01,9.711141204833984020e-01,7.800000000000000266e-01,0.000000000000000000e+00
5.093886145701762125e+00,1.324987030029297075e-01,1.066636047363281214e+00,7.800000000000000266e-01,3.750000000000000000e+05
5.102570950035297592e+00,9.020206413269043821e+00,1.325006103515625200e-01,7.800000000000000266e-01,0.000000000000000000e+00
5.103025371555530931e+00,9.929049453735352415e+00,1.325006103515625200e-01,7.800000000000000266e-01,3.750000000000000000e+05
5.112598270410732226e+00,1.324987030029297075e-01,1.162159881591796839e+00,7.800000000000000266e-01,0.000000000000000000e+00
5.112646032327846868e+00,1.324987030029297075e-01,1.257683715820312464e+00,7.800000000000000266e-01,3.750000000000000000e+05
5.123107026626433580e+00,1.083789344787597742e+01,1.325006103515625200e-01,7.800000000000000266e-01,0.000000000000000000e+00
5.123561448146666919e+00,1.174673648834228601e+01,1.325006103515625200e-01,7.800000000000000266e-01,3.750000000000000000e+05
5.134910536966919459e+00,1.324987030029297075e-01,1.353207550048828089e+00,7.800000000000000266e-01,0.000000000000000000e+00
5.134958297930359628e+00,1.324987030029297075e-01,1.448729476928710902e+00,7.800000000000000266e-01,3.750000000000000000e+05
5.147195481078525425e+00,1.265557952880859460e+01,1.325006103515625200e-01,7.800000000000000266e-01,0.000000000000000000e+00
5.147649903075596001e+00,1.356442352294921960e+01,1.325006103515625200e-01,7.800000000000000266e-01,3.750000000000000000e+05
5.160775181667147216e+00,1.324987030029297075e-01,1.544253311157226527e+00,7.800000000000000266e-01,0.000000000000000000e+00
5.160822943584261857e+00,1.324987030029297075e-01,1.639777145385742152e+00,7.800000000000000266e-01,3.750000000000000000e+05
5.174836316697478900e+00,1.447326656341552820e+01,1.325006103515625200e-01,7.800000000000000266e-01,0.000000000000000000e+00
5.175290737979293176e+00,1.538210912704467859e+01,1.325006103515625200e-01,7.800000000000000266e-01,3.750000000000000000e+05
5.190192204959562794e+00,1.324987030029297075e-01,1.735299072265624964e+00,7.800000000000000266e-01,0.000000000000000000e+00
5.190239966876677435e+00,1.324987030029297075e-01,1.830822906494140589e+00,7.800000000000000266e-01,3.750000000000000000e+05
5.206029529300333358e+00,1.629095312118530359e+01,1.325006103515625200e-01,7.800000000000000266e-01,0.000000000000000000e+00
5.206483950820566697e+00,1.719979616165161218e+01,1.325006103515625200e-01,7.800000000000000266e-01,3.750000000000000000e+05
5.223161607765888448e+00,1.324987030029297075e-01,1.926346740722656214e+00,7.800000000000000266e-01,0.000000000000000000e+00
5.223209369206165853e+00,1.324987030029297075e-01,2.021869621276855433e+00,7.800000000000000266e-01,3.750000000000000000e+05
5.240775121497996736e+00,1.810864015579223718e+01,1.325006103515625200e-01,7.800000000000000266e-01,0.000000000000000000e+00
5.241229542541392838e+00,1.901748224258422937e+01,1.325006103515625200e-01,7.800000000000000266e-01,3.750000000000000000e+05
5.259683388336292786e+00,1.324987030029297075e-01,2.117392501831054652e+00,7.800000000000000266e-01,0.000000000000000000e+00
5.259731150253407428e+00,1.324987030029297075e-01,2.212916336059570277e+00,7.800000000000000266e-01,3.750000000000000000e+05
5.279073091491692793e+00,1.992632623672485437e+01,1.325006103515625200e-01,7.800000000000000266e-01,0.000000000000000000e+00
5.279527513548368134e+00,2.083517035007476892e+01,1.325006103515625200e-01,7.800000000000000266e-01,3.750000000000000000e+05
5.299757550248378024e+00,1.324987030029297075e-01,2.308439216613769496e+00,7.800000000000000266e-01,0.000000000000000000e+00
5.299805312165492666e+00,1.324987030029297075e-01,2.403963050842285121e+00,7.800000000000000266e-01,3.750000000000000000e+05
5.320923442465448794e+00,2.174401243686676111e+01,1.325006103515625200e-01,7.800000000000000266e-01,0.000000000000000000e+00
5.321377864462519369e+00,2.265285643100738611e+01,1.325006103515625200e-01,7.800000000000000266e-01,3.750000000000000000e+05
5.343384090108984630e+00,1.324987030029297075e-01,2.499485931396484339e+00,7.800000000000000266e-01,0.000000000000000000e+00
5.343431852026099271e+00,1.324987030029297075e-01,2.595009765624999964e+00,7.800000000000000266e-01,3.750000000000000000e+05
5.366326173115949949e+00,2.356170042514801111e+01,1.325006103515625200e-01,7.800000000000000266e-01,0.000000000000000000e+00
5.366780594159346052e+00,2.447054251194000329e+01,1.325006103515625200e-01,7.800000000000000266e-01,3.750000000000000000e+05
5.390563008752265794e+00,1.324987030029297075e-01,2.690532646179199183e+00,7.800000000000000266e-01,0.000000000000000000e+00
5.390610770192543200e+00,1.324987030029297075e-01,2.786055526733398402e+00,7.800000000000000266e-01,3.750000000000000000e+05
5.415281280016757570e+00,2.537938638687133874e+01,1.325006103515625200e-01,7.800000000000000266e-01,0.000000000000000000e+00
5.415735702013828146e+00,2.628823038101196374e+01,1.325006103515625200e-01,7.800000000000000266e-01,3.750000000000000000e+05
5.441294307281427933e+00,1.324987030029297075e-01,2.881579360961914027e+00,7.800000000000000266e-01,0.000000000000000000e+00
5.441342068721705338e+00,1.324987030029297075e-01,2.977102241516113246e+00,7.800000000000000266e-01,3.750000000000000000e+05
5.467788767492374191e+00,2.719707246780395593e+01,1.325006103515625200e-01,7.800000000000000266e-01,0.000000000000000000e+00
5.468243189489444767e+00,2.810591646194458093e+01,1.325006103515625200e-01,7.800000000000000266e-01,3.750000000000000000e+05
5.495577983703499925e+00,1.324987030029297075e-01,3.072626075744628871e+00,7.800000000000000266e-01,0.000000000000000000e+00
5.495625745143777330e+00,1.324987030029297075e-01,3.168148956298828089e+00,7.800000000000000266e-01,3.750000000000000000e+05
5.523848634704341620e+00,2.901476045608520593e+01,1.325006103515625200e-01,7.800000000000000266e-01,0.000000000000000000e+00
5.524303055747737723e+00,2.992360254287719812e+01,1.325006103515625200e-01,7.800000000000000266e-01,3.750000000000000000e+05
5.553414038908248251e+00,1.324987030029297075e-01,3.263672790527343714e+00,7.800000000000000266e-01,0.000000000000000000e+00
5.553461800348525657e+00,1.324987030029297075e-01,3.359195671081542933e+00,7.800000000000000266e-01,3.750000000000000000e+05
5.583460879316405112e+00,3.083244701385498132e+01,1.325006103515625200e-01,7.800000000000000266e-01,0.000000000000000000e+00
5.583915301313475688e+00,3.174129100799560632e+01,1.325006103515625200e-01,7.800000000000000266e-01,3.750000000000000000e+05
5.614802475627864276e+00,1.324987030029297075e-01,3.454718551635742152e+00,7.800000000000000266e-01,0.000000000000000000e+00
5.614850237544978917e+00,1.324987030029297075e-01,3.550242385864257777e+00,7.800000000000000266e-01,3.750000000000000000e+05
5.646625505459313743e+00,3.265013309478759851e+01,1.325006103515625200e-01,7.800000000000000266e-01,0.000000000000000000e+00
5.647079927456384318e+00,3.355897708892822351e+01,1.325006103515625200e-01,7.800000000000000266e-01,3.750000000000000000e+05
5.679743290717228277e+00,1.324987030029297075e-01,3.645765266418456996e+00,7.800000000000000266e-01,0.000000000000000000e+00
5.679791052634342918e+00,1.324987030029297075e-01,3.741289100646972621e+00,7.800000000000000266e-01,3.750000000000000000e+05
5.713342511338572294e+00,3.446782108306884851e+01,1.325006103515625200e-01,7.800000000000000266e-01,0.000000000000000000e+00
5.713796933335642869e+00,3.537666507720947351e+01,1.325006103515625200e-01,7.800000000000000266e-01,3.750000000000000000e+05
5.748236487386382265e+00,1.324987030029297075e-01,3.836811981201171839e+00,7.800000000000000266e-01,0.000000000000000000e+00
5.748284249303496907e+00,1.324987030029297075e-01,3.932335815429687464e+00,7.800000000000000266e-01,3.750000000000000000e+05
5.783611898797621720e+00,3.628550907135009851e+01,1.325006103515625200e-01,7.800000000000000266e-01,0.000000000000000000e+00
5.784066318887343350e+00,3.719434925079345788e+01,1.325006103515625200e-01,7.800000000000000266e-01,3.750000000000000000e+05
5.820282060041097161e+00,1.324987030029297075e-01,4.027858695983886683e+00,7.800000000000000266e-01,0.000000000000000000e+00
5.820329821481374566e+00,1.324987030029297075e-01,4.123381576538085902e+00,7.800000000000000266e-01,3.750000000000000000e+05
5.857433657981637509e+00,3.810319324493408288e+01,1.325006103515625200e-01,7.800000000000000266e-01,0.000000000000000000e+00
5.857888079501870848e+00,3.901203628540039148e+01,1.325006103515625200e-01,7.800000000000000266e-01,3.750000000000000000e+05
5.895880010523799619e+00,1.324987030029297075e-01,4.218905410766601527e+00,7.800000000000000266e-01,0.000000000000000000e+00
5.895927771964077024e+00,1.324987030029297075e-01,4.314428291320800746e+00,7.800000000000000266e-01,3.750000000000000000e+05
5.934807798332514928e+00,3.992088027954101648e+01,1.325006103515625200e-01,7.800000000000000266e-01,0.000000000000000000e+00
5.935262220329585503e+00,4.082972427368164148e+01,1.325006103515625200e-01,7.800000000000000266e-01,3.750000000000000000e+05
5.975030342141409712e+00,1.324987030029297075e-01,4.409952125549316371e+00,7.800000000000000266e-01,0.000000000000000000e+00
5.975078103581687117e+00,1.324987030029297075e-01,4.505475006103515589e+00,7.800000000000000266e-01,3.750000000000000000e+05
6.015734320740020458e+00,4.173856826782226648e+01,1.325006103515625200e-01,7.800000000000000266e-01,0.000000000000000000e+00
6.016188740829742088e+00,4.264740844726562585e+01,1.325006103515625200e-01,7.800000000000000266e-01,3.750000000000000000e+05
6.057733049744580711e+00,1.324987030029297075e-01,4.600998840332031214e+00,7.800000000000000266e-01,0.000000000000000000e+00
6.057780811184858116e+00,1.324987030029297075e-01,4.696521720886230433e+00,7.800000000000000266e-01,3.750000000000000000e+05
6.100213215446206760e+00,4.355625244140625085e+01,1.325006103515625200e-01,7.800000000000000266e-01,0.000000000000000000e+00
6.100667637443277336e+00,4.446509643554687585e+01,1.325006103515625200e-01,7.800000000000000266e-01,3.750000000000000000e+05
6.143988137148011397e+00,1.324987030029297075e-01,4.792045555114746058e+00,7.800000000000000266e-01,0.000000000000000000e+00
6.144035898588288802e+00,1.324987030029297075e-01,4.887568435668945277e+00,7.800000000000000266e-01,3.750000000000000000e+05
6.187720298536623531e+00,4.483749862670898523e+01,1.888837432861328325e-01,7.800000000000000266e-01,0.000000000000000000e+00
6.187768060453738173e+00,4.483749862670898523e+01,2.844075775146484575e-01,7.800000000000000266e-01,3.750000000000000000e+05
6.231452460305196617e+00,1.324987030029297075e-01,4.983091316223144496e+00,7.800000000000000266e-01,0.000000000000000000e+00
6.231500222222311258e+00,1.324987030029297075e-01,5.078615150451660121e+00,7.800000000000000266e-01,3.750000000000000000e+05
6.275184622267523160e+00,4.483749862670898523e+01,3.799295043945312700e-01,7.800000000000000266e-01,0.000000000000000000e+00
6.275232384184637802e+00,4.483749862670898523e+01,4.754533386230468950e-01,7.800000000000000266e-01,3.750000000000000000e+05
6.318916784132972531e+00,1.324987030029297075e-01,5.174138031005859339e+00,7.800000000000000266e-01,0.000000000000000000e+00
6.318964546050087172e+00,1.324987030029297075e-01,5.269661865234374964e+00,7.800000000000000266e-01,3.750000000000000000e+05
6.362648945998421901e+00,4.483749862670898523e+01,5.709771728515624645e-01,7.800000000000000266e-01,0.000000000000000000e+00
6.362696706961862070e+00,4.483749862670898523e+01,6.664990997314452770e-01,7.800000000000000266e-01,3.750000000000000000e+05
6.406381107007073972e+00,1.324987030029297075e-01,5.365184745788574183e+00,7.800000000000000266e-01,0.000000000000000000e+00
6.406428868447351377e+00,1.324987030029297075e-01,5.460707626342773402e+00,7.800000000000000266e-01,3.750000000000000000e+05
6.450113268395686106e+00,4.483749862670898523e+01,7.620229339599609020e-01,7.800000000000000266e-01,0.000000000000000000e+00
6.450161030312800747e+00,4.483749862670898523e+01,8.575467681884765270e-01,7.800000000000000266e-01,3.750000000000000000e+05
6.493845430261135476e+00,1.324987030029297075e-01,5.556231460571289027e+00,7.800000000000000266e-01,0.000000000000000000e+00
6.493893191701412881e+00,1.324987030029297075e-01,5.651754341125488246e+00,7.800000000000000266e-01,3.750000000000000000e+05
6.537577591746624783e+00,4.483749862670898523e+01,9.530686950683593395e-01,7.800000000000000266e-01,0.000000000000000000e+00
6.537625353663739425e+00,4.483749862670898523e+01,1.048592529296874964e+00,7.800000000000000266e-01,3.750000000000000000e+05
6.581309753708951327e+00,1.324987030029297075e-01,5.747278175354003871e+00,7.800000000000000266e-01,0.000000000000000000e+00
6.581357515149228732e+00,1.324987030029297075e-01,5.842801055908203089e+00,7.800000000000000266e-01,3.750000000000000000e+05
6.625041915097563461e+00,4.483749862670898523e+01,1.144116363525390589e+00,7.800000000000000266e-01,0.000000000000000000e+00
6.625089677014678102e+00,4.483749862670898523e+01,1.239640197753906214e+00,7.800000000000000266e-01,3.750000000000000000e+05
6.668774076963012831e+00,1.324987030029297075e-01,5.938324890136718714e+00,7.800000000000000266e-01,0.000000000000000000e+00
6.668821838403290236e+00,1.324987030029297075e-01,6.033847770690917933e+00,7.800000000000000266e-01,3.750000000000000000e+05
6.712506238448502138e+00,4.483749862670898523e+01,1.335162124633789027e+00,7.800000000000000266e-01,0.000000000000000000e+00
6.712554000365616780e+00,4.483749862670898523e+01,1.430685958862304652e+00,7.800000000000000266e-01,3.750000000000000000e+05
6.756238400313951509e+00,1.324987030029297075e-01,6.129370651245117152e+00,7.800000000000000266e-01,0.000000000000000000e+00
6.756286162231066150e+00,1.324987030029297075e-01,6.224894485473632777e+00,7.800000000000000266e-01,3.750000000000000000e+05
6.799970562179400879e+00,4.483749862670898523e+01,1.526209793090820277e+00,7.800000000000000266e-01,0.000000000000000000e+00
6.800018323142841048e+00,4.483749862670898523e+01,1.621731719970703089e+00,7.800000000000000266e-01,3.750000000000000000e+05
6.843702723188052950e+00,1.324987030029297075e-01,6.320417366027831996e+00,7.800000000000000266e-01,0.000000000000000000e+00
6.843750485105167591e+00,1.324987030029297075e-01,6.415941200256347621e+00,7.800000000000000266e-01,3.750000000000000000e+05
6.887434885150379493e+00,4.483749862670898523e+01,1.717255554199218714e+00,7.800000000000000266e-01,0.000000000000000000e+00
6.887482647067494135e+00,4.483749862670898523e+01,1.812779388427734339e+00,7.800000000000000266e-01,3.750000000000000000e+05
6.931167047015828864e+00,1.324987030029297075e-01,6.511464080810546839e+00,7.800000000000000266e-01,0.000000000000000000e+00
6.931214808932943505e+00,1.324987030029297075e-01,6.606987915039062464e+00,7.800000000000000266e-01,3.750000000000000000e+05
6.974899208978155407e+00,4.483749862670898523e+01,1.908302268981933558e+00,7.800000000000000266e-01,0.000000000000000000e+00
6.974946970895270049e+00,4.483749862670898523e+01,2.003826103210449183e+00,7.800000000000000266e-01,3.750000000000000000e+05
7.018631370843604778e+00,1.324987030029297075e-01,6.702510795593261683e+00,7.800000000000000266e-01,0.000000000000000000e+00
7.018679132283882183e+00,1.324987030029297075e-01,6.798033676147460902e+00,7.800000000000000266e-01,3.750000000000000000e+05
7.062363532232216912e+00,4.483749862670898523e+01,2.099348983764648402e+00,7.800000000000000266e-01,0.000000000000000000e+00
7.062411294149331553e+00,4.483749862670898523e+01,2.194872817993164027e+00,7.800000000000000266e-01,3.750000000000000000e+05
7.106095694097666282e+00,1.324987030029297075e-01,6.893557510375976527e+00,7.800000000000000266e-01,0.000000000000000000e+00
7.106143455537943687e+00,1.324987030029297075e-01,6.989080390930175746e+00,7.800000000000000266e-01,3.750000000000000000e+05
7.149827855486278416e+00,4.483749862670898523e+01,2.290395698547363246e+00,7.800000000000000266e-01,0.000000000000000000e+00
7.149875616926555821e+00,4.483749862670898523e+01,2.385918579101562464e+00,7.800000000000000266e-01,3.750000000000000000e+05
7.193560016971767723e+00,1.324987030029297075e-01,7.084604225158691371e+00,7.800000000000000266e-01,0.000000000000000000e+00
7.193607778412045128e+00,1.324987030029297075e-01,7.180127105712890589e+00,7.800000000000000266e-01,3.750000000000000000e+05
7.237292178360379857e+00,4.483749862670898523e+01,2.481442413330078089e+00,7.800000000000000266e-01,0.000000000000000000e+00
7.237339939800657262e+00,4.483749862670898523e+01,2.576965293884277308e+00,7.800000000000000266e-01,3.750000000000000000e+05
7.281024339845869164e+00,1.324987030029297075e-01,7.275650939941406214e+00,7.800000000000000266e-01,0.000000000000000000e+00
7.281072101286146570e+00,1.324987030029297075e-01,7.371173820495605433e+00,7.800000000000000266e-01,3.750000000000000000e+05
7.324756501234481298e+00,4.483749862670898523e+01,2.672489128112792933e+00,7.800000000000000266e-01,0.000000000000000000e+00
7.324804262674758704e+00,4.483749862670898523e+01,2.768012008666992152e+00,7.800000000000000266e-01,3.750000000000000000e+05
7.368488662623093433e+00,1.324987030029297075e-01,7.466696701049804652e+00,7.800000000000000266e-01,0.000000000000000000e+00
7.368536424540208074e+00,1.324987030029297075e-01,7.562220535278320277e+00,7.800000000000000266e-01,3.750000000000000000e+05
7.412220824488542803e+00,4.483749862670898523e+01,2.863535842895507777e+00,7.800000000000000266e-01,0.000000000000000000e+00
7.412268585928820208e+00,4.483749862670898523e+01,2.959058723449706996e+00,7.800000000000000266e-01,3.750000000000000000e+05
7.455952985877154937e+00,1.324987030029297075e-01,7.657743415832519496e+00,7.800000000000000266e-01,0.000000000000000000e+00
7.456000747794269579e+00,1.324987030029297075e-01,7.753267250061035121e+00,7.800000000000000266e-01,3.750000000000000000e+05
7.499685147839481481e+00,4.483749862670898523e+01,3.054581604003906214e+00,7.800000000000000266e-01,0.000000000000000000e+00
7.499732909756596122e+00,4.483749862670898523e+01,3.150105438232421839e+00,7.800000000000000266e-01,3.750000000000000000e+05
7.543417309704930851e+00,1.324987030029297075e-01,7.848790130615234339e+00,7.800000000000000266e-01,0.000000000000000000e+00
7.543465071622045492e+00,1.324987030029297075e-01,7.944313964843749964e+00,7.800000000000000266e-01,3.750000000000000000e+05
7.587149471667257394e+00,4.483749862670898523e+01,3.245628318786621058e+00,7.800000000000000266e-01,0.000000000000000000e+00
7.587197233584372036e+00,4.483749862670898523e+01,3.341152153015136683e+00,7.800000000000000266e-01,3.750000000000000000e+05
7.630881633532706765e+00,1.324987030029297075e-01,8.039836845397950071e+00,7.800000000000000266e-01,0.000000000000000000e+00
7.630929395449821406e+00,1.324987030029297075e-01,8.135360679626465696e+00,7.800000000000000266e-01,3.750000000000000000e+05
7.674613795495033308e+00,4.483749862670898523e+01,3.436675033569335902e+00,7.800000000000000266e-01,0.000000000000000000e+00
7.674661557412147950e+00,4.483749862670898523e+01,3.532198867797851527e+00,7.800000000000000266e-01,3.750000000000000000e+05
7.718345957360482679e+00,1.324987030029297075e-01,8.230883560180664915e+00,7.800000000000000266e-01,0.000000000000000000e+00
7.718393719277597320e+00,1.324987030029297075e-01,8.326407394409180540e+00,7.800000000000000266e-01,3.750000000000000000e+05
7.762078119322809222e+00,4.483749862670898523e+01,3.627721748352050746e+00,7.800000000000000266e-01,0.000000000000000000e+00
7.762125880763086627e+00,4.483749862670898523e+01,3.723244628906249964e+00,7.800000000000000266e-01,3.750000000000000000e+05
7.805810280808298529e+00,1.324987030029297075e-01,8.421930274963379759e+00,7.800000000000000266e-01,0.000000000000000000e+00
7.805858042248575934e+00,1.324987030029297075e-01,8.517453155517578978e+00,7.800000000000000266e-01,3.750000000000000000e+05
7.849542442196910663e+00,4.483749862670898523e+01,3.818768463134765589e+00,7.800000000000000266e-01,0.000000000000000000e+00
7.849590203637188068e+00,4.483749862670898523e+01,3.914291343688964808e+00,7.800000000000000266e-01,3.750000000000000000e+05
7.893274603682399970e+00,1.324987030029297075e-01,8.612976989746094603e+00,7.800000000000000266e-01,0.000000000000000000e+00
7.893322365122677375e+00,1.324987030029297075e-01,8.708499870300293821e+00,7.800000000000000266e-01,3.750000000000000000e+05
7.937006765071012104e+00,4.483749862670898523e+01,4.009815177917480433e+00,7.800000000000000266e-01,0.000000000000000000e+00
7.937054526511289509e+00,4.483749862670898523e+01,4.105338058471679652e+00,7.800000000000000266e-01,3.750000000000000000e+05
7.980738926556501411e+00,1.324987030029297075e-01,8.804023704528809446e+00,7.800000000000000266e-01,0.000000000000000000e+00
7.980786687996778817e+00,1.324987030029297075e-01,8.899546585083008665e+00,7.800000000000000266e-01,3.750000000000000000e+05
8.024471087945114434e+00,4.483749862670898523e+01,4.200861892700195277e+00,7.800000000000000266e-01,0.000000000000000000e+00
8.024518849385390951e+00,4.483749862670898523e+01,4.296384773254394496e+00,7.800000000000000266e-01,3.750000000000000000e+05
8.068203249333725680e+00,1.324987030029297075e-01,8.995069465637207884e+00,7.800000000000000266e-01,0.000000000000000000e+00
8.068251011250840321e+00,1.324987030029297075e-01,9.090593299865723509e+00,7.800000000000000266e-01,3.750000000000000000e+05
8.111935411199175050e+00,4.483749862670898523e+01,4.391908607482910121e+00,7.800000000000000266e-01,0.000000000000000000e+00
8.111983172639451567e+00,4.483749862670898523e+01,4.487431488037109339e+00,7.800000000000000266e-01,3.750000000000000000e+05
8.155667572587786296e+00,1.324987030029297075e-01,9.186116180419922728e+00,7.800000000000000266e-01,0.000000000000000000e+00
8.155715334504900937e+00,1.324987030029297075e-01,9.281640014648438353e+00,7.800000000000000266e-01,3.750000000000000000e+05
8.199399734550112839e+00,4.483749862670898523e+01,4.582954368591308558e+00,7.800000000000000266e-01,0.000000000000000000e+00
8.199447496467227481e+00,4.483749862670898523e+01,4.678478202819824183e+00,7.800000000000000266e-01,3.750000000000000000e+05
8.243131896415562210e+00,1.324987030029297075e-01,9.377162895202637571e+00,7.800000000000000266e-01,0.000000000000000000e+00
8.243179658332676851e+00,1.324987030029297075e-01,9.472686729431153196e+00,7.800000000000000266e-01,3.750000000000000000e+05
8.286864058377888753e+00,4.483749862670898523e+01,4.774001083374023402e+00,7.800000000000000266e-01,0.000000000000000000e+00
8.286911820295003395e+00,4.483749862670898523e+01,4.869524917602539027e+00,7.800000000000000266e-01,3.750000000000000000e+05
8.330596220243338124e+00,1.324987030029297075e-01,9.568209609985352415e+00,7.800000000000000266e-01,0.000000000000000000e+00
8.330643981683614641e+00,1.324987030029297075e-01,9.663732490539551634e+00,7.800000000000000266e-01,3.750000000000000000e+05
8.374328381631949370e+00,4.483749862670898523e+01,4.965047798156738246e+00,7.800000000000000266e-01,0.000000000000000000e+00
8.374376143549064011e+00,4.483749862670898523e+01,5.060571632385253871e+00,7.800000000000000266e-01,3.750000000000000000e+05
8.418060543497398740e+00,1.324987030029297075e-01,9.759256324768067259e+00,7.800000000000000266e-01,0.000000000000000000e+00
8.418108304937675257e+00,1.324987030029297075e-01,9.854779205322266478e+00,7.800000000000000266e-01,3.750000000000000000e+05
8.461792704886009986e+00,4.483749862670898523e+01,5.156094512939453089e+00,7.800000000000000266e-01,0.000000000000000000e+00
8.461840466326286503e+00,4.483749862670898523e+01,5.251617393493652308e+00,7.800000000000000266e-01,3.750000000000000000e+05
8.505524866323060706e+00,1.324987030029297075e-01,9.950302562713623900e+00,7.800000000000000266e-01,0.000000000000000000e+00
8.505572627763337223e+00,1.324987030029297075e-01,1.004582544326782312e+01,7.800000000000000266e-01,3.750000000000000000e+05
8.549257027663234254e+00,4.483749862670898523e+01,5.347141227722167933e+00,7.800000000000000266e-01,0.000000000000000000e+00
8.549304789103510771e+00,4.483749862670898523e+01,5.442664108276367152e+00,7.800000000000000266e-01,3.750000000000000000e+05
8.592989189100283198e+00,1.324987030029297075e-01,1.014134927749633874e+01,7.800000000000000266e-01,0.000000000000000000e+00
8.593036950540559715e+00,1.324987030029297075e-01,1.023687215805053796e+01,7.800000000000000266e-01,3.750000000000000000e+05
8.636721350440456746e+00,4.483749862670898523e+01,5.538187942504882777e+00,7.800000000000000266e-01,0.000000000000000000e+00
8.636769111880733263e+00,4.483749862670898523e+01,5.633710823059081996e+00,7.800000000000000266e-01,3.750000000000000000e+05
8.680453511780630294e+00,1.324987030029297075e-01,1.033239503860473718e+01,7.800000000000000266e-01,0.000000000000000000e+00
8.680501273697744935e+00,1.324987030029297075e-01,1.042791887283325281e+01,7.800000000000000266e-01,3.750000000000000000e+05
8.724185673694517362e+00,4.483749862670898523e+01,5.729233703613281214e+00,7.800000000000000266e-01,0.000000000000000000e+00
8.724233435611632004e+00,4.483749862670898523e+01,5.824757537841796839e+00,7.800000000000000266e-01,3.750000000000000000e+05
8.767917835511529034e+00,1.324987030029297075e-01,1.052344175338745202e+01,7.800000000000000266e-01,0.000000000000000000e+00
8.767965597428643676e+00,1.324987030029297075e-01,1.061896558761596765e+01,7.800000000000000266e-01,3.750000000000000000e+05
8.811649997425416103e+00,4.483749862670898523e+01,5.920280418395996058e+00,7.800000000000000266e-01,0.000000000000000000e+00
8.811697759342530745e+00,4.483749862670898523e+01,6.015804252624511683e+00,7.800000000000000266e-01,3.750000000000000000e+05
8.854666393116580991e+00,8.649873352050780895e-01,1.063750120162963952e+01,7.800000000000000266e-01,0.000000000000000000e+00
8.855120815113650679e+00,1.773831329345703089e+00,1.063750120162963952e+01,7.800000000000000266e-01,3.750000000000000000e+05
8.897201353541191793e+00,4.483749862670898523e+01,6.111327133178710902e+00,7.800000000000000266e-01,0.000000000000000000e+00
8.897249115458306434e+00,4.483749862670898523e+01,6.206850967407226527e+00,7.800000000000000266e-01,3.750000000000000000e+05
8.938441560285902199e+00,2.682673416137695277e+00,1.063750120162963952e+01,7.800000000000000266e-01,0.000000000000000000e+00
8.938895982282971886e+00,3.591517410278320277e+00,1.063750120162963952e+01,7.800000000000000266e-01,3.750000000000000000e+05
8.979200331764058518e+00,4.483749862670898523e+01,6.302373847961425746e+00,7.800000000000000266e-01,0.000000000000000000e+00
8.979248093204335035e+00,4.483749862670898523e+01,6.397896728515624964e+00,7.800000000000000266e-01,3.750000000000000000e+05
9.018664347338910758e+00,4.500361404418945277e+00,1.063750120162963952e+01,7.800000000000000266e-01,0.000000000000000000e+00
9.019118768382305973e+00,5.409203491210937464e+00,1.063750120162963952e+01,7.800000000000000266e-01,3.750000000000000000e+05
9.057646928916936346e+00,4.483749862670898523e+01,6.493420562744140589e+00,7.800000000000000266e-01,0.000000000000000000e+00
9.057694690357212863e+00,4.483749862670898523e+01,6.588943443298339808e+00,7.800000000000000266e-01,3.750000000000000000e+05
9.095334755545334104e+00,6.318047485351562464e+00,1.063750120162963952e+01,7.800000000000000266e-01,0.000000000000000000e+00
9.095789177065567443e+00,7.226890525817871058e+00,1.063750120162963952e+01,7.800000000000000266e-01,3.750000000000000000e+05
9.132541147732023745e+00,4.483749862670898523e+01,6.684467277526855433e+00,7.800000000000000266e-01,0.000000000000000000e+00
9.132588909172300262e+00,4.483749862670898523e+01,6.779990158081054652e+00,7.800000000000000266e-01,3.750000000000000000e+05
9.168452784492247432e+00,8.135734519958496946e+00,1.063750120162963952e+01,7.800000000000000266e-01,0.000000000000000000e+00
9.168907206012480771e+00,9.044577560424805540e+00,1.063750120162963952e+01,7.800000000000000266e-01,3.750000000000000000e+05
9.203882986810761224e+00,4.483749862670898523e+01,6.875513992309570277e+00,7.800000000000000266e-01,0.000000000000000000e+00
9.203930748251037741e+00,4.483749862670898523e+01,6.971036872863769496e+00,7.800000000000000266e-01,3.750000000000000000e+05
9.238018434624528652e+00,9.953420600891114134e+00,1.063750120162963952e+01,7.800000000000000266e-01,0.000000000000000000e+00
9.238472856621598339e+00,1.086226459503173913e+01,1.063750120162963952e+01,7.800000000000000266e-01,3.750000000000000000e+05
9.271672447648580118e+00,4.483749862670898523e+01,7.066559753417968714e+00,7.800000000000000266e-01,0.000000000000000000e+00
9.271720209565694759e+00,4.483749862670898523e+01,7.162083587646484339e+00,7.800000000000000266e-01,3.750000000000000000e+05
9.304031706071011598e+00,1.177110763549804773e+01,1.063750120162963952e+01,7.800000000000000266e-01,0.000000000000000000e+00
9.304486127591244937e+00,1.267995067596435632e+01,1.063750120162963952e+01,7.800000000000000266e-01,3.750000000000000000e+05
9.335909529671772233e+00,4.483749862670898523e+01,7.257606468200683558e+00,7.800000000000000266e-01,0.000000000000000000e+00
9.335957291588886875e+00,4.483749862670898523e+01,7.353130302429199183e+00,7.800000000000000266e-01,3.750000000000000000e+05
9.366492598226027866e+00,1.358879467010498132e+01,1.063750120162963952e+01,7.800000000000000266e-01,0.000000000000000000e+00
9.366947019507842143e+00,1.449763723373413171e+01,1.063750120162963952e+01,7.800000000000000266e-01,3.750000000000000000e+05
9.396594232181053385e+00,4.483749862670898523e+01,7.448653182983398402e+00,7.800000000000000266e-01,0.000000000000000000e+00
9.396641994098168027e+00,4.483749862670898523e+01,7.544177017211914027e+00,7.800000000000000266e-01,3.750000000000000000e+05
9.425401111327994741e+00,1.540648122787475671e+01,1.063750120162963952e+01,7.800000000000000266e-01,0.000000000000000000e+00
9.425855532848228080e+00,1.631532426834106531e+01,1.063750120162963952e+01,7.800000000000000266e-01,3.750000000000000000e+05
9.453726555653265251e+00,4.483749862670898523e+01,7.639699897766113246e+00,7.800000000000000266e-01,0.000000000000000000e+00
9.453774317093541768e+00,4.483749862670898523e+01,7.735222778320312464e+00,7.800000000000000266e-01,3.750000000000000000e+05
9.480757244552069807e+00,1.722416826248169031e+01,1.063750120162963952e+01,7.800000000000000266e-01,0.000000000000000000e+00
9.481211665595465021e+00,1.813301034927368249e+01,1.063750120162963952e+01,7.800000000000000266e-01,3.750000000000000000e+05
9.507306499454047710e+00,4.483749862670898523e+01,7.830746612548828089e+00,7.800000000000000266e-01,0.000000000000000000e+00
9.507354260894324227e+00,4.483749862670898523e+01,7.926269493103027308e+00,7.800000000000000266e-01,3.750000000000000000e+05
9.532560999406397784e+00,1.904185434341430749e+01,1.063750120162963952e+01,7.800000000000000266e-01,0.000000000000000000e+00
9.533015421403467471e+00,1.995069833755493249e+01,1.063750120162963952e+01,7.800000000000000266e-01,3.750000000000000000e+05
9.557334064472154722e+00,4.483749862670898523e+01,8.021793327331543821e+00,7.800000000000000266e-01,0.000000000000000000e+00
9.557381825912431239e+00,4.483749862670898523e+01,8.117316207885743040e+00,7.800000000000000266e-01,3.750000000000000000e+05
9.580812375362834032e+00,2.085954054355621423e+01,1.063750120162963952e+01,7.800000000000000266e-01,0.000000000000000000e+00
9.581266797359903720e+00,2.176838453769683923e+01,1.063750120162963952e+01,7.800000000000000266e-01,3.750000000000000000e+05
9.603809251366920208e+00,4.483749862670898523e+01,8.212840042114258665e+00,7.800000000000000266e-01,0.000000000000000000e+00
9.603857012807196725e+00,4.483749862670898523e+01,8.308362922668457884e+00,7.800000000000000266e-01,3.750000000000000000e+05
9.625511371467704080e+00,2.267722853183746423e+01,1.063750120162963952e+01,7.800000000000000266e-01,0.000000000000000000e+00
9.625965792511099295e+00,2.358607061862945642e+01,1.063750120162963952e+01,7.800000000000000266e-01,3.750000000000000000e+05
9.646732057571661301e+00,4.483749862670898523e+01,8.403886756896973509e+00,7.800000000000000266e-01,0.000000000000000000e+00
9.646779819011937818e+00,4.483749862670898523e+01,8.499409637451172728e+00,7.800000000000000266e-01,3.750000000000000000e+05
9.666657988841205196e+00,2.449491449356079187e+01,1.063750120162963952e+01,7.800000000000000266e-01,0.000000000000000000e+00
9.667112410838274883e+00,2.540375848770141687e+01,1.063750120162963952e+01,7.800000000000000266e-01,3.750000000000000000e+05
9.686102485224155956e+00,4.483749862670898523e+01,8.594933471679688353e+00,7.800000000000000266e-01,0.000000000000000000e+00
9.686150246664432473e+00,4.483749862670898523e+01,8.690456352233887571e+00,7.800000000000000266e-01,3.750000000000000000e+05
9.704252227547245369e+00,2.631260057449340906e+01,1.063750120162963952e+01,7.800000000000000266e-01,0.000000000000000000e+00
9.704706649544315056e+00,2.722144456863403406e+01,1.063750120162963952e+01,7.800000000000000266e-01,3.750000000000000000e+05
9.721920535080618819e+00,4.483749862670898523e+01,8.785979232788086790e+00,7.800000000000000266e-01,0.000000000000000000e+00
9.721968296997733461e+00,4.483749862670898523e+01,8.881503067016602415e+00,7.800000000000000266e-01,3.750000000000000000e+05
9.738294087090650919e+00,2.813028856277465906e+01,1.063750120162963952e+01,7.800000000000000266e-01,0.000000000000000000e+00
9.738748508134046133e+00,2.903913064956665124e+01,1.063750120162963952e+01,7.800000000000000266e-01,3.750000000000000000e+05
9.754186204723893638e+00,4.483749862670898523e+01,8.977025947570801634e+00,7.800000000000000266e-01,0.000000000000000000e+00
9.754233966641008280e+00,4.483749862670898523e+01,9.072549781799317259e+00,7.800000000000000266e-01,3.750000000000000000e+05
9.768783567787471256e+00,2.994797464370727624e+01,1.063750120162963952e+01,7.800000000000000266e-01,0.000000000000000000e+00
9.769237990022960005e+00,3.085681911468505945e+01,1.063750120162963952e+01,7.800000000000000266e-01,3.750000000000000000e+05
9.782899495362052278e+00,4.483749862670898523e+01,9.168072662353516478e+00,7.800000000000000266e-01,0.000000000000000000e+00
9.782947256802328795e+00,4.483749862670898523e+01,9.263595542907715696e+00,7.800000000000000266e-01,3.750000000000000000e+05
9.795720668638352890e+00,3.176566120147705163e+01,1.063750120162963952e+01,7.800000000000000266e-01,0.000000000000000000e+00
9.796175090635422578e+00,3.267450519561767663e+01,1.063750120162963952e+01,7.800000000000000266e-01,3.750000000000000000e+05
9.808060407028060368e+00,4.483749862670898523e+01,9.359119377136231321e+00,7.800000000000000266e-01,0.000000000000000000e+00
9.808108168468336885e+00,4.483749862670898523e+01,9.454642257690430540e+00,7.800000000000000266e-01,3.750000000000000000e+05
9.819105389514465543e+00,3.358334918975830163e+01,1.063750120162963952e+01,7.800000000000000266e-01,0.000000000000000000e+00
9.819559811511535230e+00,3.449219318389892663e+01,1.063750120162963952e+01,7.800000000000000266e-01,3.750000000000000000e+05
9.829668937114277583e+00,4.483749862670898523e+01,9.550166091918946165e+00,7.800000000000000266e-01,0.000000000000000000e+00
9.829716698554554100e+00,4.483749862670898523e+01,9.645688972473145384e+00,7.800000000000000266e-01,3.750000000000000000e+05
9.838937732497667454e+00,3.540103336334228601e+01,1.063750120162963952e+01,7.800000000000000266e-01,0.000000000000000000e+00
9.839392154494737142e+00,3.630987735748291101e+01,1.063750120162963952e+01,7.800000000000000266e-01,3.750000000000000000e+05
9.847725092994464191e+00,4.483749862670898523e+01,9.741212806701661009e+00,7.800000000000000266e-01,0.000000000000000000e+00
9.847772854434740708e+00,4.483749862670898523e+01,9.836735687255860228e+00,7.800000000000000266e-01,3.750000000000000000e+05
9.855217697587958625e+00,3.721872135162353601e+01,1.063750120162963952e+01,7.800000000000000266e-01,0.000000000000000000e+00
9.855672119585028312e+00,3.812756534576416101e+01,1.063750120162963952e+01,7.800000000000000266e-01,3.750000000000000000e+05
9.862228867440176572e+00,4.483749862670898523e+01,9.932258090972901243e+00,7.800000000000000266e-01,0.000000000000000000e+00
9.862276629357291213e+00,4.483749862670898523e+01,1.002778192520141687e+01,7.800000000000000266e-01,3.750000000000000000e+05
9.867945282690772757e+00,3.903640838623046960e+01,1.063750120162963952e+01,7.800000000000000266e-01,0.000000000000000000e+00
9.868399704687842444e+00,3.994525238037109460e+01,1.063750120162963952e+01,7.800000000000000266e-01,3.750000000000000000e+05
9.873180262674814855e+00,4.483749862670898523e+01,1.012330480575561609e+01,7.800000000000000266e-01,0.000000000000000000e+00
9.873228024591929497e+00,4.483749862670898523e+01,1.021882863998413171e+01,7.800000000000000266e-01,3.750000000000000000e+05
9.877120490822395737e+00,4.085409255981445398e+01,1.063750120162963952e+01,7.800000000000000266e-01,0.000000000000000000e+00
9.877574912819465425e+00,4.176293655395507898e+01,1.063750120162963952e+01,7.800000000000000266e-01,3.750000000000000000e+05
9.880579283703422533e+00,4.483749862670898523e+01,1.031435152053833093e+01,7.800000000000000266e-01,0.000000000000000000e+00
9.880627045620537174e+00,4.483749862670898523e+01,1.040987535476684656e+01,7.800000000000000266e-01,3.750000000000000000e+05
9.882743321061109754e+00,4.267178054809570398e+01,1.063750120162963952e+01,7.800000000000000266e-01,0.000000000000000000e+00
9.883197743058179441e+00,4.358062454223632898e+01,1.063750120162963952e+01,7.800000000000000266e-01,3.750000000000000000e+05
9.884425923152241111e+00,4.483749862670898523e+01,1.050539823532104577e+01,7.800000000000000266e-01,0.000000000000000000e+00
9.884473684592517628e+00,4.483749862670898523e+01,1.060092111587524499e+01,7.800000000000000266e-01,3.750000000000000000e+05
9.884813769340071943e+00,4.448946853637695398e+01,1.063750120162963952e+01,7.800000000000000266e-01,0.000000000000000000e+00
9.929113033149862488e+00,1.324987030029297075e-01,1.325006103515625200e-01,7.800000000000000266e-01,3.750000000000000000e+05
9.939321974443622310e+00,1.324987030029297075e-01,1.063750120162963952e+01,7.800000000000000266e-01,3.750000000000000000e+05
9.982767068545715716e+00,4.483750053405761804e+01,1.063750120162963952e+01,7.800000000000000266e-01,3.750000000000000000e+05
9.992976009839475537e+00,4.483750053405761804e+01,1.325006103515625200e-01,7.800000000000000266e-01,3.750000000000000000e+05
1.001532851075500297e+01,1.324987030029297075e-01,1.325006103515625200e-01,7.800000000000000266e-01,0.000000000000000000e+00
1.002558371738702547e+01,8.500000000000000611e-02,1.068500133514404382e+01,7.800000000000000266e-01,3.750000000000000000e+05
1.003588498204702972e+01,8.500000000000000611e-02,8.500000000000000611e-02,7.800000000000000266e-01,3.750000000000000000e+05
1.007942239627157832e+01,4.488499923706054773e+01,8.500000000000000611e-02,7.800000000000000266e-01,3.750000000000000000e+05
1.008972366093158257e+01,4.488499923706054773e+01,1.068500133514404382e+01,7.800000000000000266e-01,3.750000000000000000e+05
1.011212366055011280e+01,8.500000000000000611e-02,1.068500133514404382e+01,7.800000000000000266e-01,0.000000000000000000e+00
