2.000000000000000111e-01,-3.463276863098144531e+00,9.918891906738281250e+00,1.793999999999999773e+01,0.000000000000000000e+00
2.029573737987773741e-01,-2.727075576782226562e+00,1.287163543701171875e+01,1.793999999999999773e+01,0.000000000000000000e+00
2.031102400383073270e-01,-2.428025245666503906e+00,1.357503509521484375e+01,1.793999999999999773e+01,3.700000000000000000e+05
2.075333410780331733e-01,-3.529101371765136719e+00,9.158859252929687500e+00,1.793999999999999773e+01,0.000000000000000000e+00
2.076456356385067425e-01,-3.545360565185546875e+00,8.597621917724609375e+00,1.793999999999999773e+01,3.700000000000000000e+05
2.131342593240798944e-01,-2.179035186767578125e+00,1.407765197753906250e+01,1.793999999999999773e+01,0.000000000000000000e+00
2.132286551354496962e-01,-1.952169418334960938e+00,1.449153137207031250e+01,1.793999999999999773e+01,3.700000000000000000e+05
2.196046161417560538e-01,-3.539385795593261719e+00,8.125553131103515625e+00,1.793999999999999773e+01,0.000000000000000000e+00
2.196878877669218022e-01,-3.519402503967285156e+00,7.709674835205078125e+00,1.793999999999999773e+01,3.700000000000000000e+05
2.268391085227620396e-01,-1.739194869995117188e+00,1.484969902038574219e+01,1.793999999999999773e+01,0.000000000000000000e+00
2.269138644165157870e-01,-1.537120819091796875e+00,1.516414642333984375e+01,1.793999999999999773e+01,3.700000000000000000e+05
2.347541428349344261e-01,-3.488861083984375000e+00,7.336143493652343750e+00,1.793999999999999773e+01,0.000000000000000000e+00
2.348219845605036271e-01,-3.449180603027343750e+00,6.999263763427734375e+00,1.793999999999999773e+01,3.700000000000000000e+05
2.432791554781834897e-01,-1.343873023986816406e+00,1.544319343566894531e+01,1.793999999999999773e+01,0.000000000000000000e+00
2.433434279609412720e-01,-1.155316352844238281e+00,1.570342445373535156e+01,1.793999999999999773e+01,3.700000000000000000e+05
2.523796725840974364e-01,-3.404777526855468750e+00,6.681327819824218750e+00,1.793999999999999773e+01,0.000000000000000000e+00
2.524402049423151162e-01,-3.355562210083007812e+00,6.382694244384765625e+00,1.793999999999999773e+01,3.700000000000000000e+05
2.620160080521783397e-01,-9.717836380004882812e-01,1.594350433349609375e+01,1.793999999999999773e+01,0.000000000000000000e+00
2.620724359208002063e-01,-7.935743331909179688e-01,1.616223716735839844e+01,1.793999999999999773e+01,3.700000000000000000e+05
2.721440997933732842e-01,-3.300789833068847656e+00,6.106342315673828125e+00,1.793999999999999773e+01,0.000000000000000000e+00
2.721992918950734142e-01,-3.244473457336425781e+00,5.836189270019531250e+00,1.793999999999999773e+01,3.700000000000000000e+05
2.827542775492522531e-01,-6.169404983520507812e-01,1.637464904785156250e+01,1.793999999999999773e+01,0.000000000000000000e+00
2.828052709259348263e-01,-4.460811614990234375e-01,1.656389808654785156e+01,1.793999999999999773e+01,3.700000000000000000e+05
2.937980014638406634e-01,-3.182585716247558594e+00,5.588378906250000000e+00,1.793999999999999773e+01,0.000000000000000000e+00
2.938486365018932456e-01,-3.120081901550292969e+00,5.343040466308593750e+00,1.793999999999999773e+01,3.700000000000000000e+05
3.052750447293950953e-01,-2.756185531616210938e-01,1.675155830383300781e+01,1.793999999999999773e+01,0.000000000000000000e+00
3.053224549418500078e-01,-1.097259521484375000e-01,1.692088890075683594e+01,1.793999999999999773e+01,3.700000000000000000e+05
3.171466340562600350e-01,-3.053209304809570312e+00,5.115222930908203125e+00,1.793999999999999773e+01,0.000000000000000000e+00
3.171939294255548547e-01,-2.986069679260253906e+00,4.888477325439453125e+00,1.793999999999999773e+01,3.700000000000000000e+05
3.294145613088043101e-01,5.610561370849609375e-02,1.708997535705566406e+01,1.793999999999999773e+01,0.000000000000000000e+00
3.294589200500493975e-01,2.176656723022460938e-01,1.724193191528320312e+01,1.793999999999999773e+01,3.700000000000000000e+05
3.420424380983413393e-01,-2.914845466613769531e+00,4.678115844726562500e+00,1.793999999999999773e+01,0.000000000000000000e+00
3.420868565525626015e-01,-2.843620300292968750e+00,4.467754364013671875e+00,1.793999999999999773e+01,3.700000000000000000e+05
3.550332589673623751e-01,3.792266845703125000e-01,1.739388656616210938e+01,1.793999999999999773e+01,0.000000000000000000e+00
3.550755054225013807e-01,5.377163887023925781e-01,1.753352928161621094e+01,1.793999999999999773e+01,3.700000000000000000e+05
3.683593025569383284e-01,-2.769121170043945312e+00,4.270530700683593750e+00,1.793999999999999773e+01,0.000000000000000000e+00
3.684010987709730456e-01,-2.694075584411621094e+00,4.075489044189453125e+00,1.793999999999999773e+01,3.700000000000000000e+05
3.820171495385748517e-01,6.954712867736816406e-01,1.767022132873535156e+01,1.793999999999999773e+01,0.000000000000000000e+00
3.820578435047446986e-01,8.516583442687988281e-01,1.780062675476074219e+01,1.793999999999999773e+01,3.700000000000000000e+05
3.959928599531402083e-01,-2.617291450500488281e+00,3.887428283691406250e+00,1.793999999999999773e+01,0.000000000000000000e+00
3.960324007765652077e-01,-2.538866996765136719e+00,3.705944061279296875e+00,1.793999999999999773e+01,3.700000000000000000e+05
4.102724451112348958e-01,1.006016254425048828e+00,1.792369270324707031e+01,1.793999999999999773e+01,0.000000000000000000e+00
4.103119277222735395e-01,1.160373687744140625e+00,1.804676055908203125e+01,1.793999999999999773e+01,3.700000000000000000e+05
4.248565277906810045e-01,-2.460324287414550781e+00,3.524932861328125000e+00,1.793999999999999773e+01,0.000000000000000000e+00
4.248940909957638068e-01,-2.378841400146484375e+00,3.355712890625000000e+00,1.793999999999999773e+01,3.700000000000000000e+05
4.397195052754356848e-01,1.311761856079101562e+00,1.815791511535644531e+01,1.793999999999999773e+01,0.000000000000000000e+00
4.397570323189279318e-01,1.463093280792236328e+00,1.826884651184082031e+01,1.793999999999999773e+01,3.700000000000000000e+05
4.548630334435867506e-01,-2.297358512878417969e+00,3.186496734619140625e+00,1.793999999999999773e+01,0.000000000000000000e+00
4.548998381127915547e-01,-2.214674949645996094e+00,3.022094726562500000e+00,1.793999999999999773e+01,3.700000000000000000e+05
4.702774475271774834e-01,1.613390445709228516e+00,1.837562751770019531e+01,1.793999999999999773e+01,0.000000000000000000e+00
4.703132394514010772e-01,1.761944770812988281e+00,1.847541809082031250e+01,1.793999999999999773e+01,3.700000000000000000e+05
4.859491095248472670e-01,-2.130411148071289062e+00,2.864028930664062500e+00,1.793999999999999773e+01,0.000000000000000000e+00
4.859849335269447734e-01,-2.046147346496582031e+00,2.705966949462890625e+00,1.793999999999999773e+01,3.700000000000000000e+05
5.018790625730227273e-01,1.910499572753906250e+00,1.857521057128906250e+01,1.793999999999999773e+01,0.000000000000000000e+00
5.019138849124736845e-01,2.057454586029052734e+00,1.866858673095703125e+01,1.793999999999999773e+01,3.700000000000000000e+05
5.180528048180280676e-01,-1.960129737854003906e+00,2.554935455322265625e+00,1.793999999999999773e+01,0.000000000000000000e+00
5.180871170240931578e-01,-1.873356819152832031e+00,2.406936645507812500e+00,1.793999999999999773e+01,3.700000000000000000e+05
5.344641284043497587e-01,2.203497886657714844e+00,1.875830650329589844e+01,1.793999999999999773e+01,0.000000000000000000e+00
5.344984085116597505e-01,2.349540710449218750e+00,1.884802627563476562e+01,1.793999999999999773e+01,3.700000000000000000e+05
5.511135110302998186e-01,-1.786582946777343750e+00,2.258937835693359375e+00,1.793999999999999773e+01,0.000000000000000000e+00
5.511466790673876792e-01,-1.697839736938476562e+00,2.118839263916015625e+00,1.793999999999999773e+01,3.700000000000000000e+05
5.679846818857225976e-01,2.493772029876708984e+00,1.893047904968261719e+01,1.793999999999999773e+01,0.000000000000000000e+00
5.680176185547356482e-01,2.637493133544921875e+00,1.901088333129882812e+01,1.793999999999999773e+01,3.700000000000000000e+05
5.850750222753265950e-01,-1.608736991882324219e+00,1.980186462402343750e+00,1.793999999999999773e+01,0.000000000000000000e+00
5.851079859682911666e-01,-1.519633293151855469e+00,1.841529846191406250e+00,1.793999999999999773e+01,3.700000000000000000e+05
6.023847957625296790e-01,2.781214237213134766e+00,1.909128952026367188e+01,1.793999999999999773e+01,0.000000000000000000e+00
6.024167612393066529e-01,2.923189163208007812e+00,1.916469192504882812e+01,1.793999999999999773e+01,3.700000000000000000e+05
6.198983748580346731e-01,-1.428642272949218750e+00,1.710449218750000000e+00,1.793999999999999773e+01,0.000000000000000000e+00
6.199301420306575494e-01,-1.337381362915039062e+00,1.580448150634765625e+00,1.793999999999999773e+01,3.700000000000000000e+05
6.376138084871718625e-01,3.064748764038085938e+00,1.923642730712890625e+01,1.793999999999999773e+01,0.000000000000000000e+00
6.376455481937113312e-01,3.206307888031005859e+00,1.930816459655761719e+01,1.793999999999999773e+01,3.700000000000000000e+05
6.555312653531584210e-01,-1.246119499206542969e+00,1.450450897216796875e+00,1.793999999999999773e+01,0.000000000000000000e+00
6.555621910701345811e-01,-1.153276443481445312e+00,1.326797485351562500e+00,1.793999999999999773e+01,3.700000000000000000e+05
6.736378228724462236e-01,3.346428394317626953e+00,1.937412834167480469e+01,1.793999999999999773e+01,0.000000000000000000e+00
6.736685106788593558e-01,3.485996723175048828e+00,1.943787956237792969e+01,1.793999999999999773e+01,3.700000000000000000e+05
6.919301751499740138e-01,-1.060018539428710938e+00,1.204807281494140625e+00,1.793999999999999773e+01,0.000000000000000000e+00
6.919608864359981792e-01,-9.667606353759765625e-01,1.082813262939453125e+00,1.793999999999999773e+01,3.700000000000000000e+05
7.104085854865568317e-01,3.625565528869628906e+00,1.950162887573242188e+01,1.793999999999999773e+01,0.000000000000000000e+00
7.104387633309540151e-01,3.764130592346191406e+00,1.956135559082031250e+01,1.793999999999999773e+01,3.700000000000000000e+05
7.290638796289498069e-01,-8.723621368408203125e-01,9.654006958007812500e-01,1.793999999999999773e+01,0.000000000000000000e+00
7.290936415381332747e-01,-7.772159576416015625e-01,8.509826660156250000e-01,1.793999999999999773e+01,3.700000000000000000e+05
7.478896356321035332e-01,3.901813983917236328e+00,1.961754798889160156e+01,1.793999999999999773e+01,0.000000000000000000e+00
7.479193773327055261e-01,4.039497852325439453e+00,1.967373847961425781e+01,1.793999999999999773e+01,3.700000000000000000e+05
7.668862475362218101e-01,-6.820697784423828125e-01,7.365646362304687500e-01,1.793999999999999773e+01,0.000000000000000000e+00
7.669157401620717573e-01,-5.863685607910156250e-01,6.243743896484375000e-01,1.793999999999999773e+01,3.700000000000000000e+05
7.860495587577951415e-01,4.176758766174316406e+00,1.972823524475097656e+01,1.793999999999999773e+01,0.000000000000000000e+00
7.860784640667011214e-01,4.312680721282958984e+00,1.977735900878906250e+01,1.793999999999999773e+01,3.700000000000000000e+05
8.053689897898915762e-01,-4.894571304321289062e-01,5.170364379882812500e-01,1.793999999999999773e+01,0.000000000000000000e+00
8.053979126259909194e-01,-3.925457000732421875e-01,4.096984863281250000e-01,1.793999999999999773e+01,3.700000000000000000e+05
8.248451472751830993e-01,4.448602676391601562e+00,1.982648468017578125e+01,1.793999999999999773e+01,0.000000000000000000e+00
8.248740527585953775e-01,4.584524869918823242e+00,1.987561035156250000e+01,1.793999999999999773e+01,3.700000000000000000e+05
8.444779966140550931e-01,-2.956352233886718750e-01,3.023605346679687500e-01,1.793999999999999773e+01,0.000000000000000000e+00
8.445062226339727918e-01,-1.971693038940429688e-01,2.012557983398437500e-01,1.793999999999999773e+01,3.700000000000000000e+05
8.642549070433478420e-01,4.719021558761596680e+00,1.991901969909667969e+01,1.793999999999999773e+01,0.000000000000000000e+00
8.642830656249316235e-01,4.853272199630737305e+00,1.996143913269042969e+01,1.793999999999999773e+01,3.700000000000000000e+05
8.841750218658339655e-01,-9.858512878417968750e-02,1.006278991699218750e-01,1.793999999999999773e+01,0.000000000000000000e+00
8.842031963235634784e-01,0.000000000000000000e+00,0.000000000000000000e+00,1.793999999999999773e+01,3.700000000000000000e+05
9.042384257461028030e-01,4.987521886825561523e+00,2.000386047363281250e+01,1.793999999999999773e+01,0.000000000000000000e+00
9.042663283088007153e-01,5.121172666549682617e+00,2.004387664794921875e+01,1.793999999999999773e+01,3.700000000000000000e+05
9.244395110109957514e-01,9.930896759033203125e-02,-9.772109985351562500e-02,1.793999999999999773e+01,0.000000000000000000e+00
9.244670167455036891e-01,1.994895935058593750e-01,-1.919441223144531250e-01,1.793999999999999773e+01,3.700000000000000000e+05
9.447706470520833566e-01,5.253826856613159180e+00,2.007989692687988281e+01,1.793999999999999773e+01,0.000000000000000000e+00
9.447981387582176094e-01,5.386482000350952148e+00,2.011591720581054688e+01,1.793999999999999773e+01,3.700000000000000000e+05
9.652322204904640879e-01,2.996702194213867188e-01,-2.861709594726562500e-01,1.793999999999999773e+01,0.000000000000000000e+00
9.652597262249720256e-01,3.998508453369140625e-01,-3.803939819335937500e-01,1.793999999999999773e+01,3.700000000000000000e+05
9.858242555616032465e-01,5.519136190414428711e+00,2.015193748474121094e+01,1.793999999999999773e+01,0.000000000000000000e+00
9.858512655401390212e-01,5.650560140609741211e+00,2.018302154541015625e+01,1.793999999999999773e+01,3.700000000000000000e+05
1.006535834990649025e+00,5.013918876647949219e-01,-4.691619873046875000e-01,1.793999999999999773e+01,0.000000000000000000e+00
1.006562749399680046e+00,6.030936241149902344e-01,-5.572891235351562500e-01,1.793999999999999773e+01,3.700000000000000000e+05
1.027365586001338649e+00,5.781702756881713867e+00,2.021297645568847656e+01,1.793999999999999773e+01,0.000000000000000000e+00
1.027392489854087820e+00,5.912844419479370117e+00,2.024293136596679688e+01,1.793999999999999773e+01,3.700000000000000000e+05
1.048313589673506963e+00,7.047958374023437500e-01,-6.454124450683593750e-01,1.793999999999999773e+01,0.000000000000000000e+00
1.048340364390148993e+00,8.068728446960449219e-01,-7.320289611816406250e-01,1.793999999999999773e+01,3.700000000000000000e+05
1.069377185148918219e+00,6.043729543685913086e+00,2.027185440063476562e+01,1.793999999999999773e+01,0.000000000000000000e+00
1.069403561780810197e+00,6.173400640487670898e+00,2.029590797424316406e+01,1.793999999999999773e+01,3.700000000000000000e+05
1.090546855411183902e+00,9.100384712219238281e-01,-8.142814636230468750e-01,1.793999999999999773e+01,0.000000000000000000e+00
1.090573243832160477e+00,1.013204574584960938e+00,-8.965339660644531250e-01,1.793999999999999773e+01,3.700000000000000000e+05
1.111823010222032559e+00,6.303071737289428711e+00,2.031996154785156250e+01,1.793999999999999773e+01,0.000000000000000000e+00
1.111849386853924537e+00,6.432742834091186523e+00,2.034401512145996094e+01,1.793999999999999773e+01,3.700000000000000000e+05
1.133205626115401321e+00,1.116370201110839844e+00,-9.787864685058593750e-01,1.793999999999999773e+01,0.000000000000000000e+00
1.133231758621080720e+00,1.220298767089843750e+00,-1.057979583740234375e+00,1.793999999999999773e+01,3.700000000000000000e+05
1.154688812108194851e+00,6.561767339706420898e+00,2.036547851562500000e+01,1.793999999999999773e+01,0.000000000000000000e+00
1.154714730719009763e+00,6.690040349960327148e+00,2.038392829895019531e+01,1.793999999999999773e+01,3.700000000000000000e+05
1.176267031608667413e+00,1.324862003326416016e+00,-1.134628295898437500e+00,1.793999999999999773e+01,0.000000000000000000e+00
1.176292961048097219e+00,1.429424762725830078e+00,-1.211277008056640625e+00,1.793999999999999773e+01,3.700000000000000000e+05
1.197940509676617360e+00,6.818314313888549805e+00,2.040237808227539062e+01,1.793999999999999773e+01,0.000000000000000000e+00
1.197966428421918694e+00,6.946588277816772461e+00,2.042082595825195312e+01,1.793999999999999773e+01,3.700000000000000000e+05
1.219709222878660126e+00,1.533987998962402344e+00,-1.287925720214843750e+00,1.793999999999999773e+01,0.000000000000000000e+00
1.219734835305769538e+00,1.639605045318603516e+00,-1.360347747802734375e+00,1.793999999999999773e+01,3.700000000000000000e+05
1.241564911137411853e+00,7.073932409286499023e+00,2.043554878234863281e+01,1.793999999999999773e+01,0.000000000000000000e+00
1.241590427223017379e+00,7.200848340988159180e+00,2.044855308532714844e+01,1.793999999999999773e+01,3.700000000000000000e+05
1.263504798770334725e+00,1.745536327362060547e+00,-1.431507110595703125e+00,1.793999999999999773e+01,0.000000000000000000e+00
1.263530321460202943e+00,1.851468086242675781e+00,-1.502666473388671875e+00,1.793999999999999773e+01,3.700000000000000000e+05
1.285528988611088996e+00,7.327764272689819336e+00,2.046155738830566406e+01,1.793999999999999773e+01,0.000000000000000000e+00
1.285554504696694522e+00,7.454680204391479492e+00,2.047456169128417969e+01,1.793999999999999773e+01,3.700000000000000000e+05
1.307637467563255607e+00,1.957399368286132812e+00,-1.573825836181640625e+00,1.793999999999999773e+01,0.000000000000000000e+00
1.307662662881493798e+00,2.064558506011962891e+00,-1.640060424804687500e+00,1.793999999999999773e+01,3.700000000000000000e+05
1.329820474689321852e+00,7.580471754074096680e+00,2.048305892944335938e+01,1.793999999999999773e+01,0.000000000000000000e+00
1.329845639731992213e+00,7.706062078475952148e+00,2.049074363708496094e+01,1.793999999999999773e+01,3.700000000000000000e+05
1.352077139035579467e+00,2.171805381774902344e+00,-1.705947875976562500e+00,1.793999999999999773e+01,0.000000000000000000e+00
1.352102312389458216e+00,2.279051780700683594e+00,-1.771831512451171875e+00,1.793999999999999773e+01,3.700000000000000000e+05
1.374407495479629038e+00,7.831651449203491211e+00,2.049842834472656250e+01,1.793999999999999773e+01,0.000000000000000000e+00
1.374432660545600315e+00,7.957241773605346680e+00,2.050611495971679688e+01,1.793999999999999773e+01,3.700000000000000000e+05
1.396811307586534712e+00,2.386354446411132812e+00,-1.837493896484375000e+00,1.793999999999999773e+01,0.000000000000000000e+00
1.396836180417310613e+00,2.494888782501220703e+00,-1.898212432861328125e+00,1.793999999999999773e+01,3.700000000000000000e+05
1.419278405635598483e+00,8.081603765487670898e+00,2.050887489318847656e+01,1.793999999999999773e+01,0.000000000000000000e+00
1.419303272160302942e+00,8.205910429358482361e+00,2.051141548156738281e+01,1.793999999999999773e+01,3.700000000000000000e+05
1.441808859313690849e+00,2.603423118591308594e+00,-1.958934783935546875e+00,1.793999999999999773e+01,0.000000000000000000e+00
1.441833732144466751e+00,2.711957454681396484e+00,-2.019653320312500000e+00,1.793999999999999773e+01,3.700000000000000000e+05
1.464402675842605195e+00,8.330217115581035614e+00,2.051395416259765625e+01,1.793999999999999773e+01,0.000000000000000000e+00
1.464427537212674713e+00,8.454499951330944896e+00,2.051639747619628906e+01,1.793999999999999773e+01,3.700000000000000000e+05
1.487059199187342529e+00,2.820627689361572266e+00,-2.079830169677734375e+00,1.793999999999999773e+01,0.000000000000000000e+00
1.487083818008908098e+00,2.930428504943847656e+00,-2.135471343994140625e+00,1.793999999999999773e+01,3.700000000000000000e+05
1.509768690568193739e+00,8.577546820044517517e+00,2.051388359069824219e+01,1.793999999999999773e+01,0.000000000000000000e+00
1.509793305078603209e+00,8.700593695044517517e+00,2.051136970520019531e+01,1.793999999999999773e+01,3.700000000000000000e+05
1.532531388336090927e+00,3.040228843688964844e+00,-2.191112518310546875e+00,1.793999999999999773e+01,0.000000000000000000e+00
1.532556007157656497e+00,3.150029659271240234e+00,-2.246753692626953125e+00,1.793999999999999773e+01,3.700000000000000000e+05
1.555347301004743388e+00,8.823640584945678711e+00,2.050885581970214844e+01,1.793999999999999773e+01,0.000000000000000000e+00
1.555371906267809523e+00,8.946636915206909180e+00,2.050613975524902344e+01,1.793999999999999773e+01,3.700000000000000000e+05
1.578215566421888427e+00,3.259989738464355469e+00,-2.301753997802734375e+00,1.793999999999999773e+01,0.000000000000000000e+00
1.578239979225882994e+00,3.371018886566162109e+00,-2.352470397949218750e+00,1.793999999999999773e+01,3.700000000000000000e+05
1.601126967677610757e+00,9.068451642990112305e+00,2.049868392944335938e+01,1.793999999999999773e+01,0.000000000000000000e+00
1.601151376381918290e+00,9.190267324447631836e+00,2.049123001098632812e+01,1.793999999999999773e+01,3.700000000000000000e+05
1.624081695154042437e+00,3.482048034667968750e+00,-2.403186798095703125e+00,1.793999999999999773e+01,0.000000000000000000e+00
1.624106107641053010e+00,3.593077182769775391e+00,-2.453899383544921875e+00,1.793999999999999773e+01,3.700000000000000000e+05
1.647079752912291362e+00,9.312082052230834961e+00,2.048377609252929688e+01,1.793999999999999773e+01,0.000000000000000000e+00
1.647104156027747068e+00,9.433860540390014648e+00,2.047617340087890625e+01,1.793999999999999773e+01,3.700000000000000000e+05
1.670120394336173097e+00,3.704252243041992188e+00,-2.504028320312500000e+00,1.793999999999999773e+01,0.000000000000000000e+00
1.670144642198295060e+00,3.816503524780273438e+00,-2.549839019775390625e+00,1.793999999999999773e+01,3.700000000000000000e+05
1.693194387992753569e+00,9.554453611373901367e+00,2.046381759643554688e+01,1.793999999999999773e+01,0.000000000000000000e+00
1.693218632682613967e+00,9.675045728683471680e+00,2.045146179199218750e+01,1.793999999999999773e+01,3.700000000000000000e+05
1.716301889335961839e+00,3.928754806518554688e+00,-2.595653533935546875e+00,1.793999999999999773e+01,0.000000000000000000e+00
1.716326137286381170e+00,4.041006565093994141e+00,-2.641464233398437500e+00,1.793999999999999773e+01,3.700000000000000000e+05
1.739442899515120544e+00,9.795638799667358398e+00,2.043910408020019531e+01,1.793999999999999773e+01,0.000000000000000000e+00
1.739467144394722498e+00,9.916231870651245117e+00,2.042674827575683594e+01,1.793999999999999773e+01,3.700000000000000000e+05
1.762617024338732907e+00,4.153355121612548828e+00,-2.686885833740234375e+00,1.793999999999999773e+01,0.000000000000000000e+00
1.762641150975441606e+00,4.266805648803710938e+00,-2.727890014648437500e+00,1.793999999999999773e+01,3.700000000000000000e+05
1.785814940578332344e+00,1.003563380241394043e+01,2.040961647033691406e+01,1.793999999999999773e+01,0.000000000000000000e+00
1.785839064770965878e+00,1.015502619743347168e+01,2.039244461059570312e+01,1.793999999999999773e+01,3.700000000000000000e+05
1.809036724133488594e+00,4.380255699157714844e+00,-2.768894195556640625e+00,1.793999999999999773e+01,0.000000000000000000e+00
1.809060850725352720e+00,4.493705987930297852e+00,-2.809898376464843750e+00,1.793999999999999773e+01,3.700000000000000000e+05
1.832282379791454474e+00,1.027441859245300293e+01,2.037527275085449219e+01,1.793999999999999773e+01,0.000000000000000000e+00
1.832306503849606028e+00,1.039381003379821777e+01,2.035809898376464844e+01,1.793999999999999773e+01,3.700000000000000000e+05
1.855551789723308920e+00,4.607184171676635742e+00,-2.850791931152343750e+00,1.793999999999999773e+01,0.000000000000000000e+00
1.855575835352420100e+00,4.721825361251831055e+00,-2.887016296386718750e+00,1.793999999999999773e+01,3.700000000000000000e+05
1.878835762136525922e+00,1.051209616661071777e+01,2.033649253845214844e+01,1.793999999999999773e+01,0.000000000000000000e+00
1.878859806826311818e+00,1.063030314445495605e+01,2.031456565856933594e+01,1.793999999999999773e+01,3.700000000000000000e+05
1.902134053533134583e+00,4.836467504501342773e+00,-2.923240661621093750e+00,1.793999999999999773e+01,0.000000000000000000e+00
1.902158099344117392e+00,4.951109647750854492e+00,-2.959465026855468750e+00,1.793999999999999773e+01,3.700000000000000000e+05
1.925446663950909798e+00,1.074850916862487793e+01,2.029263687133789062e+01,1.793999999999999773e+01,0.000000000000000000e+00
1.925470708640695694e+00,1.086671614646911621e+01,2.027070999145507812e+01,1.793999999999999773e+01,3.700000000000000000e+05
1.948773593394417691e+00,5.065750837326049805e+00,-2.995689392089843750e+00,1.793999999999999773e+01,0.000000000000000000e+00
1.948797599715437423e+00,5.181524991989135742e+00,-3.027374267578125000e+00,1.793999999999999773e+01,3.700000000000000000e+05
1.972106121761757036e+00,1.098389315605163574e+01,2.024465370178222656e+01,1.793999999999999773e+01,0.000000000000000000e+00
1.972130126456391519e+00,1.110090327262878418e+01,2.021792793273925781e+01,1.793999999999999773e+01,3.700000000000000000e+05
1.995443382398440546e+00,5.297356367111206055e+00,-3.058826446533203125e+00,1.793999999999999773e+01,0.000000000000000000e+00
1.995467387704483508e+00,5.413188695907592773e+00,-3.090278625488281250e+00,1.793999999999999773e+01,3.700000000000000000e+05
2.018785375519514869e+00,1.121791338920593262e+01,2.019120025634765625e+01,1.793999999999999773e+01,0.000000000000000000e+00
2.018809380113149032e+00,1.133492255210876465e+01,2.016447257995605469e+01,1.793999999999999773e+01,3.700000000000000000e+05
2.042132099801162504e+00,5.529020071029663086e+00,-3.121730804443359375e+00,1.793999999999999773e+01,0.000000000000000000e+00
2.042156102453296374e+00,5.645879507064819336e+00,-3.149063110351562500e+00,1.793999999999999773e+01,3.700000000000000000e+05
2.065475729149869988e+00,1.145101141929626465e+01,2.013405227661132812e+01,1.793999999999999773e+01,0.000000000000000000e+00
2.065499734271843302e+00,1.156684279441833496e+01,2.010260009765625000e+01,1.793999999999999773e+01,3.700000000000000000e+05
2.088814627296899928e+00,5.762888669967651367e+00,-3.175788879394531250e+00,1.793999999999999773e+01,0.000000000000000000e+00
2.088838631991534189e+00,5.879898786544799805e+00,-3.202514648437500000e+00,1.793999999999999773e+01,3.700000000000000000e+05
2.112148791345073828e+00,1.168267512321472168e+01,2.007114791870117188e+01,1.793999999999999773e+01,0.000000000000000000e+00
2.112172796467047142e+00,1.179850649833679199e+01,2.003969573974609375e+01,1.793999999999999773e+01,3.700000000000000000e+05
2.135478225521926898e+00,5.996908903121948242e+00,-3.229244232177734375e+00,1.793999999999999773e+01,0.000000000000000000e+00
2.135502258539220932e+00,6.114868879318237305e+00,-3.252159118652343750e+00,1.793999999999999773e+01,3.700000000000000000e+05
2.158795776877562744e+00,1.191350245475769043e+01,2.000488853454589844e+01,1.793999999999999773e+01,0.000000000000000000e+00
2.158819822506674146e+00,1.202814364433288574e+01,1.996866416931152344e+01,1.793999999999999773e+01,3.700000000000000000e+05
2.182099020922299015e+00,6.233074903488159180e+00,-3.274085998535156250e+00,1.793999999999999773e+01,0.000000000000000000e+00
2.182123065751244706e+00,6.351281881332397461e+00,-3.296016693115234375e+00,1.793999999999999773e+01,3.700000000000000000e+05
2.205387947841221941e+00,1.214278578758239746e+01,1.993243980407714844e+01,1.793999999999999773e+01,0.000000000000000000e+00
2.205411993652204750e+00,1.225742793083190918e+01,1.989621543884277344e+01,1.793999999999999773e+01,3.700000000000000000e+05
2.228662556043677689e+00,6.469487905502319336e+00,-3.317943572998046875e+00,1.793999999999999773e+01,0.000000000000000000e+00
2.228686654002042022e+00,6.588549375534057617e+00,-3.336441040039062500e+00,1.793999999999999773e+01,3.700000000000000000e+05
2.251916441423857496e+00,1.237131762504577637e+01,1.985697555541992188e+01,1.793999999999999773e+01,0.000000000000000000e+00
2.251940567926032699e+00,1.248476743698120117e+01,1.981597137451171875e+01,1.793999999999999773e+01,3.700000000000000000e+05
2.275146483733628155e+00,6.707941770553588867e+00,-3.353610992431640625e+00,1.793999999999999773e+01,0.000000000000000000e+00
2.275170607980571358e+00,6.827334165573120117e+00,-3.370784759521484375e+00,1.793999999999999773e+01,3.700000000000000000e+05
2.298352655827069491e+00,1.259821748733520508e+01,1.977496719360351562e+01,1.793999999999999773e+01,0.000000000000000000e+00
2.298376782553467557e+00,1.271166849136352539e+01,1.973396301269531250e+01,1.793999999999999773e+01,3.700000000000000000e+05
2.321534962663081014e+00,6.946726560592651367e+00,-3.387958526611328125e+00,1.793999999999999773e+01,0.000000000000000000e+00
2.321559162111727748e+00,7.066913366317749023e+00,-3.401939392089843750e+00,1.793999999999999773e+01,3.700000000000000000e+05
2.344687519801242459e+00,1.282443094253540039e+01,1.969020652770996094e+01,1.793999999999999773e+01,0.000000000000000000e+00
2.344711768160694820e+00,1.293668413162231445e+01,1.964439392089843750e+01,1.793999999999999773e+01,3.700000000000000000e+05
2.367806617014067250e+00,7.187506437301635742e+00,-3.414295196533203125e+00,1.793999999999999773e+01,0.000000000000000000e+00
2.367830861893668981e+00,7.308099508285522461e+00,-3.426651000976562500e+00,1.793999999999999773e+01,3.700000000000000000e+05
2.390892203261008930e+00,1.304893541336059570e+01,1.959858322143554688e+01,1.793999999999999773e+01,0.000000000000000000e+00
2.390916451267273146e+00,1.316118669509887695e+01,1.955277061462402344e+01,1.793999999999999773e+01,3.700000000000000000e+05
2.413944283574258165e+00,7.428691625595092773e+00,-3.439006805419921875e+00,1.793999999999999773e+01,0.000000000000000000e+00
2.413968625945205115e+00,7.550047636032104492e+00,-3.448307037353515625e+00,1.793999999999999773e+01,3.700000000000000000e+05
2.436957263348469294e+00,1.327278375625610352e+01,1.950433731079101562e+01,1.793999999999999773e+01,0.000000000000000000e+00
2.436981675907222922e+00,1.338381242752075195e+01,1.945362281799316406e+01,1.793999999999999773e+01,3.700000000000000000e+05
2.459926984900731917e+00,7.671862363815307617e+00,-3.455760955810546875e+00,1.793999999999999773e+01,0.000000000000000000e+00
2.459951393414660625e+00,7.793677091598510742e+00,-3.463214874267578125e+00,1.793999999999999773e+01,3.700000000000000000e+05
2.482853374446839290e+00,1.349484300613403320e+01,1.940290832519531250e+01,1.793999999999999773e+01,0.000000000000000000e+00
2.482877787005592918e+00,1.360587167739868164e+01,1.935219383239746094e+01,1.793999999999999773e+01,3.700000000000000000e+05
2.505736439403803750e+00,7.915492773056030273e+00,-3.470668792724609375e+00,1.793999999999999773e+01,0.000000000000000000e+00
2.505760969409110306e+00,8.038062810897827148e+00,-3.475097656250000000e+00,1.793999999999999773e+01,3.700000000000000000e+05
2.528570678808447436e+00,1.371625757217407227e+01,1.929889869689941406e+01,1.793999999999999773e+01,0.000000000000000000e+00
2.528595297717379786e+00,1.382605791091918945e+01,1.924325561523437500e+01,1.793999999999999773e+01,3.700000000000000000e+05
2.551351791022910653e+00,8.161109685897827148e+00,-3.477607727050781250e+00,1.793999999999999773e+01,0.000000000000000000e+00
2.551376405530340730e+00,8.284156545996665955e+00,-3.480121612548828125e+00,1.793999999999999773e+01,3.700000000000000000e+05
2.574079688141172717e+00,1.393585824966430664e+01,1.918761444091796875e+01,1.793999999999999773e+01,0.000000000000000000e+00
2.574104307050105067e+00,1.404565858840942383e+01,1.913197135925292969e+01,1.793999999999999773e+01,3.700000000000000000e+05
2.596754377162448613e+00,8.407203428447246552e+00,-3.482635498046875000e+00,1.793999999999999773e+01,0.000000000000000000e+00
2.596779146762468127e+00,8.531049482524394989e+00,-3.481941223144531250e+00,1.793999999999999773e+01,3.700000000000000000e+05
2.619370011706253720e+00,1.415476655960083008e+01,1.907355308532714844e+01,1.793999999999999773e+01,0.000000000000000000e+00
2.619394884453801087e+00,1.426330041885375977e+01,1.901283454895019531e+01,1.793999999999999773e+01,3.700000000000000000e+05
2.641922394318555245e+00,8.655357107520103455e+00,-3.479404449462890625e+00,1.793999999999999773e+01,0.000000000000000000e+00
2.641947260849219159e+00,8.779663801193237305e+00,-3.476863861083984375e+00,1.793999999999999773e+01,3.700000000000000000e+05
2.664411410906720068e+00,1.437183618545532227e+01,1.895211410522460938e+01,1.793999999999999773e+01,0.000000000000000000e+00
2.664436283840516229e+00,1.448037004470825195e+01,1.889139366149902344e+01,1.793999999999999773e+01,3.700000000000000000e+05
2.686837073645842455e+00,8.903970479965209961e+00,-3.474323272705078125e+00,1.793999999999999773e+01,0.000000000000000000e+00
2.686862143850975659e+00,9.029171705245971680e+00,-3.468196868896484375e+00,1.793999999999999773e+01,3.700000000000000000e+05
2.709192824118474618e+00,1.458811807632446289e+01,1.882752037048339844e+01,1.793999999999999773e+01,0.000000000000000000e+00
2.709217997672031863e+00,1.469536447525024414e+01,1.876163482666015625e+01,1.793999999999999773e+01,3.700000000000000000e+05
2.731474994152947477e+00,9.154761075973510742e+00,-3.460514068603515625e+00,1.793999999999999773e+01,0.000000000000000000e+00
2.731500159218918533e+00,9.280351400375366211e+00,-3.452827453613281250e+00,1.793999999999999773e+01,3.700000000000000000e+05
2.753683468091968845e+00,1.480261087417602539e+01,1.869574928283691406e+01,1.793999999999999773e+01,0.000000000000000000e+00
2.753708641645526090e+00,1.490985727310180664e+01,1.862986373901367188e+01,1.793999999999999773e+01,3.700000000000000000e+05
2.775818263134923303e+00,9.405940771102905273e+00,-3.445140838623046875e+00,1.793999999999999773e+01,0.000000000000000000e+00
2.775843707966701768e+00,9.532600164413452148e+00,-3.433166503906250000e+00,1.793999999999999773e+01,3.700000000000000000e+05
2.797871542299934511e+00,1.501615762710571289e+01,1.856017875671386719e+01,1.793999999999999773e+01,0.000000000000000000e+00
2.797897064752310037e+00,1.512208795547485352e+01,1.848901939392089844e+01,1.793999999999999773e+01,3.700000000000000000e+05
2.819840603145654878e+00,9.659516096115112305e+00,-3.420162200927734375e+00,1.793999999999999773e+01,0.000000000000000000e+00
2.819866119231260182e+00,9.786432027816772461e+00,-3.407157897949218750e+00,1.793999999999999773e+01,3.700000000000000000e+05
2.841725362133142863e+00,1.522802019119262695e+01,1.841786003112792969e+01,1.793999999999999773e+01,0.000000000000000000e+00
2.841750885114890490e+00,1.533395242691040039e+01,1.834669876098632812e+01,1.793999999999999773e+01,3.700000000000000000e+05
2.863525830726775911e+00,9.913347959518432617e+00,-3.394153594970703125e+00,1.793999999999999773e+01,0.000000000000000000e+00
2.863551736514047708e+00,1.004157996177673340e+01,-3.375869750976562500e+00,1.793999999999999773e+01,3.700000000000000000e+05
2.885232240453354802e+00,1.543867349624633789e+01,1.827068901062011719e+01,1.793999999999999773e+01,0.000000000000000000e+00
2.885258169892784608e+00,1.554323625564575195e+01,1.819404029846191406e+01,1.793999999999999773e+01,3.700000000000000000e+05
2.906843427891764087e+00,1.016985392570495605e+01,-3.357421875000000000e+00,1.793999999999999773e+01,0.000000000000000000e+00
2.906869346745682314e+00,1.029812788963317871e+01,-3.338970184326171875e+00,1.793999999999999773e+01,3.700000000000000000e+05
2.928359355207264869e+00,1.564779901504516602e+01,1.811739158630371094e+01,1.793999999999999773e+01,0.000000000000000000e+00
2.928385332090073234e+00,1.575221109390258789e+01,1.804013824462890625e+01,1.793999999999999773e+01,3.700000000000000000e+05
2.949778415494218820e+00,1.042666888236999512e+01,-3.319450378417968750e+00,1.793999999999999773e+01,0.000000000000000000e+00
2.949804792195688030e+00,1.055633997917175293e+01,-3.295394897460937500e+00,1.793999999999999773e+01,3.700000000000000000e+05
2.971091401153906908e+00,1.585537767410278320e+01,1.795788574218750000e+01,1.793999999999999773e+01,0.000000000000000000e+00
2.971117789351179539e+00,1.595854234695434570e+01,1.787563323974609375e+01,1.793999999999999773e+01,3.700000000000000000e+05
2.992297923415046412e+00,1.068601107597351074e+01,-3.271339416503906250e+00,1.793999999999999773e+01,0.000000000000000000e+00
2.992324299789830278e+00,1.081568121910095215e+01,-3.247287750244140625e+00,1.793999999999999773e+01,3.700000000000000000e+05
3.013397963229052401e+00,1.606170892715454102e+01,1.779338073730468750e+01,1.793999999999999773e+01,0.000000000000000000e+00
3.013424555133719984e+00,1.616429185867309570e+01,1.770879364013671875e+01,1.793999999999999773e+01,3.700000000000000000e+05
3.034386574380928181e+00,1.094605708122253418e+01,-3.220405578613281250e+00,1.793999999999999773e+01,0.000000000000000000e+00
3.034413478334680114e+00,1.107719969749450684e+01,-3.190452575683593750e+00,1.793999999999999773e+01,3.700000000000000000e+05
3.055257236274768751e+00,1.626599550247192383e+01,1.762067031860351562e+01,1.793999999999999773e+01,0.000000000000000000e+00
3.055284150184180092e+00,1.636769723892211914e+01,1.753254699707031250e+01,1.793999999999999773e+01,3.700000000000000000e+05
3.076009642771654562e+00,1.120834231376647949e+01,-3.160495758056640625e+00,1.793999999999999773e+01,0.000000000000000000e+00
3.076036546539460126e+00,1.133948397636413574e+01,-3.130542755126953125e+00,1.793999999999999773e+01,3.700000000000000000e+05
3.096643777707708711e+00,1.646939945220947266e+01,1.744442367553710938e+01,1.793999999999999773e+01,0.000000000000000000e+00
3.096671137465156320e+00,1.656994533538818359e+01,1.735166358947753906e+01,1.793999999999999773e+01,3.700000000000000000e+05
3.117150354961426117e+00,1.147189688682556152e+01,-3.095489501953125000e+00,1.793999999999999773e+01,0.000000000000000000e+00
3.117177846383530238e+00,1.160455107688903809e+01,-3.059471130371093750e+00,1.793999999999999773e+01,3.700000000000000000e+05
3.137526616499627607e+00,1.667012691497802734e+01,1.725743865966796875e+01,1.793999999999999773e+01,0.000000000000000000e+00
3.137554122356551733e+00,1.677030658721923828e+01,1.716321372985839844e+01,1.793999999999999773e+01,3.700000000000000000e+05
3.157772440822769866e+00,1.173720622062683105e+01,-3.023448944091796875e+00,1.793999999999999773e+01,0.000000000000000000e+00
3.157800113238981243e+00,1.187030482292175293e+01,-2.985649108886718750e+00,1.793999999999999773e+01,3.700000000000000000e+05
3.177884917858348590e+00,1.687016773223876953e+01,1.706770896911621094e+01,1.793999999999999773e+01,0.000000000000000000e+00
3.177913092316078103e+00,1.696875286102294922e+01,1.696708106994628906e+01,1.793999999999999773e+01,3.700000000000000000e+05
3.197854625552343233e+00,1.200455451011657715e+01,-2.943229675292968750e+00,1.793999999999999773e+01,0.000000000000000000e+00
3.197882784363802244e+00,1.213880515098571777e+01,-2.900806427001953125e+00,1.793999999999999773e+01,3.700000000000000000e+05
3.217681041947257903e+00,1.706733608245849609e+01,1.686645317077636719e+01,1.793999999999999773e+01,0.000000000000000000e+00
3.217709216404987416e+00,1.716592121124267578e+01,1.676582527160644531e+01,1.793999999999999773e+01,3.700000000000000000e+05
3.237364202381128209e+00,1.227305579185485840e+01,-2.858386993408203125e+00,1.793999999999999773e+01,0.000000000000000000e+00
3.237392955703477515e+00,1.240864539146423340e+01,-2.810592651367187500e+00,1.793999999999999773e+01,3.700000000000000000e+05
3.256894415545183108e+00,1.726329326629638672e+01,1.666033363342285156e+01,1.793999999999999773e+01,0.000000000000000000e+00
3.256923338253464362e+00,1.736020374298095703e+01,1.655299568176269531e+01,1.793999999999999773e+01,3.700000000000000000e+05
3.276268088888902419e+00,1.254456758499145508e+01,-2.761466979980468750e+00,1.793999999999999773e+01,0.000000000000000000e+00
3.276296994237780869e+00,1.268048906326293945e+01,-2.712341308593750000e+00,1.793999999999999773e+01,3.700000000000000000e+05
3.295485036283535951e+00,1.745711612701416016e+01,1.644565773010253906e+01,1.793999999999999773e+01,0.000000000000000000e+00
3.295514238086984626e+00,1.755342769622802734e+01,1.633591842651367188e+01,1.793999999999999773e+01,3.700000000000000000e+05
3.314540238831954255e+00,1.281714105606079102e+01,-2.660293579101562500e+00,1.793999999999999773e+01,0.000000000000000000e+00
3.314569980467660937e+00,1.295482301712036133e+01,-2.604099273681640625e+00,1.793999999999999773e+01,3.700000000000000000e+05
3.333425100155905874e+00,1.764857387542724609e+01,1.622149848937988281e+01,1.793999999999999773e+01,0.000000000000000000e+00
3.333454862065089230e+00,1.774372005462646484e+01,1.610708045959472656e+01,1.793999999999999773e+01,3.700000000000000000e+05
3.352139105643788142e+00,1.309250688552856445e+01,-2.547908782958984375e+00,1.793999999999999773e+01,0.000000000000000000e+00
3.352168959947181115e+00,1.323042154312133789e+01,-2.490798950195312500e+00,1.793999999999999773e+01,3.700000000000000000e+05
3.370681029530572026e+00,1.783877086639404297e+01,1.599228668212890625e+01,1.793999999999999773e+01,0.000000000000000000e+00
3.370711740513535837e+00,1.793202877044677734e+01,1.587029457092285156e+01,1.793999999999999773e+01,3.700000000000000000e+05
3.389037775629588634e+00,1.336998987197875977e+01,-2.427047729492187500e+00,1.793999999999999773e+01,0.000000000000000000e+00
3.389068463436001544e+00,1.350955820083618164e+01,-2.363296508789062500e+00,1.793999999999999773e+01,3.700000000000000000e+05
3.407208465883251325e+00,1.802528667449951172e+01,1.574830436706542969e+01,1.793999999999999773e+01,0.000000000000000000e+00
3.407239176866215136e+00,1.811854457855224609e+01,1.562631225585937500e+01,1.793999999999999773e+01,3.700000000000000000e+05
3.425193144846127247e+00,1.364912652969360352e+01,-2.299545288085937500e+00,1.793999999999999773e+01,0.000000000000000000e+00
3.425224810420422816e+00,1.379054880142211914e+01,-2.228359222412109375e+00,1.793999999999999773e+01,3.700000000000000000e+05
3.442978387595995393e+00,1.821008205413818359e+01,1.549742126464843750e+01,1.793999999999999773e+01,0.000000000000000000e+00
3.443010154363367992e+00,1.830134487152099609e+01,1.536742401123046875e+01,1.793999999999999773e+01,3.700000000000000000e+05
3.460561682746648771e+00,1.393210840225219727e+01,-2.156623840332031250e+00,1.793999999999999773e+01,0.000000000000000000e+00
3.460593422365820793e+00,1.407366800308227539e+01,-2.084888458251953125e+00,1.793999999999999773e+01,3.700000000000000000e+05
3.477942901508384477e+00,1.839260578155517578e+01,1.523742675781250000e+01,1.793999999999999773e+01,0.000000000000000000e+00
3.477975596247762535e+00,1.848218441009521484e+01,1.510068130493164062e+01,1.793999999999999773e+01,3.700000000000000000e+05
3.495108920218683135e+00,1.421705675125122070e+01,-2.005817413330078125e+00,1.793999999999999773e+01,0.000000000000000000e+00
3.495141856990717333e+00,1.436077737808227539e+01,-1.925411224365234375e+00,1.793999999999999773e+01,3.700000000000000000e+05
3.512055778597166000e+00,1.857128810882568359e+01,1.496202850341796875e+01,1.793999999999999773e+01,0.000000000000000000e+00
3.512088741969212613e+00,1.866039180755615234e+01,1.482337379455566406e+01,1.793999999999999773e+01,3.700000000000000000e+05
3.528783259412654694e+00,1.450449800491333008e+01,-1.845005035400390625e+00,1.793999999999999773e+01,0.000000000000000000e+00
3.528817366847477377e+00,1.465024805068969727e+01,-1.756462097167968750e+00,1.793999999999999773e+01,3.700000000000000000e+05
3.545276763414527910e+00,1.874761104583740234e+01,1.467716407775878906e+01,1.793999999999999773e+01,0.000000000000000000e+00
3.545311075620593222e+00,1.883438396453857422e+01,1.452916526794433594e+01,1.793999999999999773e+01,3.700000000000000000e+05
3.561532378802300336e+00,1.479629182815551758e+01,-1.666740417480468750e+00,1.793999999999999773e+01,0.000000000000000000e+00
3.561566684003147465e+00,1.494237756729125977e+01,-1.576850891113281250e+00,1.793999999999999773e+01,3.700000000000000000e+05
3.577549724312994783e+00,1.892115879058837891e+01,1.438116455078125000e+01,1.793999999999999773e+01,0.000000000000000000e+00
3.577585479424119530e+00,1.900553417205810547e+01,1.422355270385742188e+01,1.793999999999999773e+01,3.700000000000000000e+05
3.593310711672608182e+00,1.509093141555786133e+01,-1.477058410644531250e+00,1.793999999999999773e+01,0.000000000000000000e+00
3.593346503730382668e+00,1.523948526382446289e+01,-1.377265930175781250e+00,1.793999999999999773e+01,3.700000000000000000e+05
3.608813477454664742e+00,1.908979892730712891e+01,1.406549072265625000e+01,1.793999999999999773e+01,0.000000000000000000e+00
3.608849682453237229e+00,1.917344379425048828e+01,1.390494918823242188e+01,1.793999999999999773e+01,3.700000000000000000e+05
3.624052776323314795e+00,1.538882303237915039e+01,-1.274341583251953125e+00,1.793999999999999773e+01,0.000000000000000000e+00
3.624090303289891235e+00,1.554015398025512695e+01,-1.163410186767578125e+00,1.793999999999999773e+01,3.700000000000000000e+05
3.639012807054231136e+00,1.925492763519287109e+01,1.373572921752929688e+01,1.793999999999999773e+01,0.000000000000000000e+00
3.639050370176565075e+00,1.933640956878662109e+01,1.356650924682617188e+01,1.793999999999999773e+01,3.700000000000000000e+05
3.653692283386742456e+00,1.569148492813110352e+01,-1.052478790283203125e+00,1.793999999999999773e+01,0.000000000000000000e+00
3.653731118637032260e+00,1.584485292434692383e+01,-9.333877563476562500e-01,1.793999999999999773e+01,3.700000000000000000e+05
3.668076711093068543e+00,1.941601085662841797e+01,1.338974380493164062e+01,1.793999999999999773e+01,0.000000000000000000e+00
3.668116251916493376e+00,1.949443531036376953e+01,1.320825958251953125e+01,1.793999999999999773e+01,3.700000000000000000e+05
3.682156816486255480e+00,1.599921083450317383e+01,-8.103218078613281250e-01,1.793999999999999773e+01,0.000000000000000000e+00
3.682196730002812224e+00,1.615422105789184570e+01,-6.846275329589843750e-01,1.793999999999999773e+01,3.700000000000000000e+05
3.695927743633717011e+00,1.957238864898681641e+01,1.302488708496093750e+01,1.793999999999999773e+01,0.000000000000000000e+00
3.695969539067208487e+00,1.964743328094482422e+01,1.282984924316406250e+01,1.793999999999999773e+01,3.700000000000000000e+05
3.709368302437805465e+00,1.631197595596313477e+01,-5.479354858398437500e-01,1.793999999999999773e+01,0.000000000000000000e+00
3.709410050000157444e+00,1.646973133087158203e+01,-4.112434387207031250e-01,1.793999999999999773e+01,3.700000000000000000e+05
3.722476559401270535e+00,1.972247791290283203e+01,1.263480758666992188e+01,1.793999999999999773e+01,0.000000000000000000e+00
3.722520438683205590e+00,1.979448032379150391e+01,1.242756271362304688e+01,1.793999999999999773e+01,3.700000000000000000e+05
3.735229519611621196e+00,1.663071155548095703e+01,-2.616195678710937500e-01,1.793999999999999773e+01,0.000000000000000000e+00
3.735273878091512234e+00,1.679227161407470703e+01,-1.096649169921875000e-01,1.793999999999999773e+01,3.700000000000000000e+05
3.747620074653419842e+00,1.986570453643798828e+01,1.221720123291015625e+01,1.793999999999999773e+01,0.000000000000000000e+00
3.747666301083495188e+00,1.993435001373291016e+01,1.199649810791015625e+01,1.793999999999999773e+01,3.700000000000000000e+05
3.759628117885479348e+00,1.695660495758056641e+01,5.340957641601562500e-02,1.793999999999999773e+01,0.000000000000000000e+00
3.759675527964454922e+00,1.712249660491943359e+01,2.227401733398437500e-01,1.793999999999999773e+01,3.700000000000000000e+05
3.771239574327955868e+00,2.000122356414794922e+01,1.176868057250976562e+01,1.793999999999999773e+01,0.000000000000000000e+00
3.771288958730870888e+00,2.006545162200927734e+01,1.153025817871093750e+01,1.793999999999999773e+01,3.700000000000000000e+05
3.782433154382117912e+00,1.729124164581298828e+01,4.035110473632812500e-01,1.793999999999999773e+01,0.000000000000000000e+00
3.782484145959631228e+00,1.746209812164306641e+01,5.927505493164062500e-01,1.793999999999999773e+01,3.700000000000000000e+05
3.793190606392462527e+00,2.012733936309814453e+01,1.128244781494140625e+01,1.793999999999999773e+01,0.000000000000000000e+00
3.793244307904336754e+00,2.018566417694091797e+01,1.102035140991210938e+01,1.793999999999999773e+01,3.700000000000000000e+05
3.803483537306155959e+00,1.763673496246337891e+01,7.971534729003906250e-01,1.793999999999999773e+01,0.000000000000000000e+00
3.803538789140107568e+00,1.781336879730224609e+01,1.009567260742187500e+00,1.793999999999999773e+01,3.700000000000000000e+05
3.813293755374845606e+00,2.024174785614013672e+01,1.074925994873046875e+01,1.793999999999999773e+01,0.000000000000000000e+00
3.813353480997976330e+00,2.029202747344970703e+01,1.045489501953125000e+01,1.793999999999999773e+01,3.700000000000000000e+05
3.822576424767321512e+00,1.799609088897705078e+01,1.246391296386718750e+00,1.793999999999999773e+01,0.000000000000000000e+00
3.822638512940446542e+00,1.818179035186767578e+01,1.495166778564453125e+00,1.793999999999999773e+01,3.700000000000000000e+05
3.831305517503485802e+00,2.033933353424072266e+01,1.014860153198242188e+01,1.793999999999999773e+01,0.000000000000000000e+00
3.831372473857265426e+00,2.038016033172607422e+01,9.816318511962890625e+00,1.793999999999999773e+01,3.700000000000000000e+05
3.839433052865632856e+00,1.837357807159423828e+01,1.768360137939453125e+00,1.793999999999999773e+01,0.000000000000000000e+00
3.839506167181875096e+00,1.857355403900146484e+01,2.074386596679687500e+00,1.793999999999999773e+01,3.700000000000000000e+05
3.846895815124700135e+00,2.041311359405517578e+01,9.452465057373046875e+00,1.793999999999999773e+01,0.000000000000000000e+00
3.846975501114161755e+00,2.043763637542724609e+01,9.054790496826171875e+00,1.793999999999999773e+01,3.700000000000000000e+05
3.853626333112364133e+00,1.878199481964111328e+01,2.414371490478515625e+00,1.793999999999999773e+01,0.000000000000000000e+00
3.853715990761895860e+00,1.900292301177978516e+01,2.804439544677734375e+00,1.793999999999999773e+01,3.700000000000000000e+05
3.859527553364666463e+00,2.044963932037353516e+01,8.606903076171875000e+00,1.793999999999999773e+01,0.000000000000000000e+00
3.859633078081065261e+00,2.044177722930908203e+01,8.079338073730468750e+00,1.793999999999999773e+01,3.700000000000000000e+05
3.864446396454297439e+00,1.924356174468994141e+01,3.273555755615234375e+00,1.793999999999999773e+01,0.000000000000000000e+00
3.864579647302316623e+00,1.951854228973388672e+01,3.880416870117187500e+00,1.793999999999999773e+01,3.700000000000000000e+05
3.868118436803996030e+00,2.039947986602783203e+01,7.413665771484375000e+00,1.793999999999999773e+01,0.000000000000000000e+00
3.868344982093796514e+00,2.024342632293701172e+01,6.291740417480468750e+00,1.793999999999999773e+01,3.700000000000000000e+05
3.869691095293806615e+00,1.990832805633544922e+01,4.947734832763671875e+00,1.793999999999999773e+01,0.000000000000000000e+00
