2.000000000000000111e-01,1.324987030029297075e-01,1.062403388977050867e+01,5.160000000000000142e+00,0.000000000000000000e+00
2.000309644411226162e-01,1.613759613037109575e-01,1.063749929428100671e+01,5.160000000000000142e+00,0.000000000000000000e+00
2.001433587740083508e-01,3.861646270751953325e-01,1.063749929428100671e+01,5.160000000000000142e+00,3.750000000000000000e+05
2.004153602158450509e-01,1.324987030029297075e-01,1.051921268463134851e+01,5.160000000000000142e+00,0.000000000000000000e+00
2.004677705799960408e-01,1.324987030029297075e-01,1.041439195632934656e+01,5.160000000000000142e+00,3.750000000000000000e+05
2.009808105066342721e-01,6.109552001953124645e-01,1.063749929428100671e+01,5.160000000000000142e+00,0.000000000000000000e+00
2.010932048395200067e-01,8.357438659667968395e-01,1.063749929428100671e+01,5.160000000000000142e+00,3.750000000000000000e+05
2.018472815710324331e-01,1.324987030029297075e-01,1.030957122802734460e+01,5.160000000000000142e+00,0.000000000000000000e+00
2.018996921736020134e-01,1.324987030029297075e-01,1.020475002288818445e+01,5.160000000000000142e+00,3.750000000000000000e+05
2.028948059058292841e-01,1.060532531738281214e+00,1.063749929428100671e+01,5.160000000000000142e+00,0.000000000000000000e+00
2.030072002387150187e-01,1.285321197509765589e+00,1.063749929428100671e+01,5.160000000000000142e+00,3.750000000000000000e+05
2.042433507758165956e-01,1.324987030029297075e-01,1.009992929458618249e+01,5.160000000000000142e+00,0.000000000000000000e+00
2.042957611399675855e-01,1.324987030029297075e-01,9.995108566284180540e+00,5.160000000000000142e+00,3.750000000000000000e+05
2.057729501618706935e-01,1.510111770629882777e+00,1.063749929428100671e+01,5.160000000000000142e+00,0.000000000000000000e+00
2.058853444947564282e-01,1.734900436401367152e+00,1.063749929428100671e+01,5.160000000000000142e+00,3.750000000000000000e+05
2.076035705173743806e-01,1.324987030029297075e-01,9.890287361145020384e+00,5.160000000000000142e+00,0.000000000000000000e+00
2.076559811199439609e-01,1.324987030029297075e-01,9.785466156005860228e+00,5.160000000000000142e+00,3.750000000000000000e+05
2.096152441432769520e-01,1.959689102172851527e+00,1.063749929428100671e+01,5.160000000000000142e+00,0.000000000000000000e+00
2.097276384761626866e-01,2.184477767944335902e+00,1.063749929428100671e+01,5.160000000000000142e+00,3.750000000000000000e+05
2.119279381085292513e-01,1.324987030029297075e-01,9.680645904541016478e+00,5.160000000000000142e+00,0.000000000000000000e+00
2.119803487110988316e-01,1.324987030029297075e-01,9.575824699401856321e+00,5.160000000000000142e+00,3.750000000000000000e+05
2.144216870241074935e-01,2.409268341064453089e+00,1.063749929428100671e+01,5.160000000000000142e+00,0.000000000000000000e+00
2.145340813569932281e-01,2.634057006835937464e+00,1.063749929428100671e+01,5.160000000000000142e+00,3.750000000000000000e+05
2.172164566707168454e-01,1.324987030029297075e-01,9.471003494262696165e+00,5.160000000000000142e+00,0.000000000000000000e+00
2.172688667964492726e-01,1.324987030029297075e-01,9.366183242797852415e+00,5.160000000000000142e+00,3.750000000000000000e+05
2.201922787192065190e-01,2.858845672607421839e+00,1.063749929428100671e+01,5.160000000000000142e+00,0.000000000000000000e+00
2.203046730520922536e-01,3.083634338378906214e+00,1.063749929428100671e+01,5.160000000000000142e+00,3.750000000000000000e+05
2.234691219755645109e-01,1.324987030029297075e-01,9.261362037658692259e+00,5.160000000000000142e+00,0.000000000000000000e+00
2.235215325781340912e-01,1.324987030029297075e-01,9.156540832519532103e+00,5.160000000000000142e+00,3.750000000000000000e+05
2.269270201822483901e-01,3.308424911499023402e+00,1.063749929428100671e+01,5.160000000000000142e+00,0.000000000000000000e+00
2.270394145151341248e-01,3.533213577270507777e+00,1.063749929428100671e+01,5.160000000000000142e+00,3.750000000000000000e+05
2.306859387282820528e-01,1.324987030029297075e-01,9.051720581054688353e+00,5.160000000000000142e+00,0.000000000000000000e+00
2.307383493308516331e-01,1.324987030029297075e-01,8.946899375915528196e+00,5.160000000000000142e+00,3.750000000000000000e+05
2.346259105447145443e-01,3.758002243041992152e+00,1.063749929428100671e+01,5.160000000000000142e+00,0.000000000000000000e+00
2.347383048776002790e-01,3.982790908813476527e+00,1.063749929428100671e+01,5.160000000000000142e+00,3.750000000000000000e+05
2.388669030921782288e-01,1.324987030029297075e-01,8.842078170776368040e+00,5.160000000000000142e+00,0.000000000000000000e+00
2.389193132179106560e-01,1.324987030029297075e-01,8.737257919311524290e+00,5.160000000000000142e+00,3.750000000000000000e+05
2.432889497214492935e-01,4.207581481933593714e+00,1.063749929428100671e+01,5.160000000000000142e+00,0.000000000000000000e+00
2.434013440543350282e-01,4.432370147705078089e+00,1.063749929428100671e+01,5.160000000000000142e+00,3.750000000000000000e+05
2.480120175585886211e-01,1.324987030029297075e-01,8.632436714172364134e+00,5.160000000000000142e+00,0.000000000000000000e+00
2.480644281611582014e-01,1.324987030029297075e-01,8.527615509033203978e+00,5.160000000000000142e+00,3.750000000000000000e+05
2.529161386661267774e-01,4.657158813476562464e+00,1.063749929428100671e+01,5.160000000000000142e+00,0.000000000000000000e+00
2.530285329990125121e-01,4.881947479248046839e+00,1.063749929428100671e+01,5.160000000000000142e+00,3.750000000000000000e+05
2.581212801130147172e-01,1.324987030029297075e-01,8.422795257568360228e+00,5.160000000000000142e+00,0.000000000000000000e+00
2.581736907155842697e-01,1.324987030029297075e-01,8.317974052429200071e+00,5.160000000000000142e+00,3.750000000000000000e+05
2.635074765102285443e-01,5.106738052368164027e+00,1.063749929428100671e+01,5.160000000000000142e+00,0.000000000000000000e+00
2.636198708431142790e-01,5.331526718139648402e+00,1.063749929428100671e+01,5.160000000000000142e+00,3.750000000000000000e+05
2.691946936384735367e-01,1.324987030029297075e-01,8.213152847290039915e+00,5.160000000000000142e+00,0.000000000000000000e+00
2.692471042410430893e-01,1.324987030029297075e-01,8.108331642150879759e+00,5.160000000000000142e+00,3.750000000000000000e+05
2.750629640371173856e-01,5.556315383911132777e+00,1.063749929428100671e+01,5.160000000000000142e+00,0.000000000000000000e+00
2.751753583700031203e-01,5.781104049682617152e+00,1.063749929428100671e+01,5.160000000000000142e+00,3.750000000000000000e+05
2.812322547751109902e-01,1.324987030029297075e-01,8.003511390686036009e+00,5.160000000000000142e+00,0.000000000000000000e+00
2.812846653776805428e-01,1.324987030029297075e-01,7.898690185546874964e+00,5.160000000000000142e+00,3.750000000000000000e+05
2.875826004634304822e-01,6.005894622802734339e+00,1.063749929428100671e+01,5.160000000000000142e+00,0.000000000000000000e+00
2.876949947963162169e-01,6.230683288574218714e+00,1.063749929428100671e+01,5.160000000000000142e+00,3.750000000000000000e+05
2.942339668827811394e-01,1.324987030029297075e-01,7.793868980407714808e+00,5.160000000000000142e+00,0.000000000000000000e+00
2.942863770085135666e-01,1.324987030029297075e-01,7.689048728942871058e+00,5.160000000000000142e+00,3.750000000000000000e+05
3.010663857040121183e-01,6.455471954345703089e+00,1.063749929428100671e+01,5.160000000000000142e+00,0.000000000000000000e+00
3.011787805137350338e-01,6.680261573791503871e+00,1.063749929428100671e+01,5.160000000000000142e+00,3.750000000000000000e+05
3.081998270499121118e-01,1.324987030029297075e-01,7.584227523803710902e+00,5.160000000000000142e+00,0.000000000000000000e+00
3.082522376524816643e-01,1.324987030029297075e-01,7.479406318664550746e+00,5.160000000000000142e+00,3.750000000000000000e+05
3.155143211893737254e-01,6.905050239562988246e+00,1.063749929428100671e+01,5.160000000000000142e+00,0.000000000000000000e+00
3.156267159990966409e-01,7.129839859008789027e+00,1.063749929428100671e+01,5.160000000000000142e+00,3.750000000000000000e+05
3.231298369849858743e-01,1.324987030029297075e-01,7.374586067199706996e+00,5.160000000000000142e+00,0.000000000000000000e+00
3.231822475875554268e-01,1.324987030029297075e-01,7.269764862060546839e+00,5.160000000000000142e+00,3.750000000000000000e+05
3.309264055741596433e-01,7.354628524780273402e+00,1.063749929428100671e+01,5.160000000000000142e+00,0.000000000000000000e+00
3.310388003838825588e-01,7.579418144226074183e+00,1.063749929428100671e+01,5.160000000000000142e+00,3.750000000000000000e+05
3.390239962111653016e-01,1.324987030029297075e-01,7.164943656921386683e+00,5.160000000000000142e+00,0.000000000000000000e+00
3.390764063368977288e-01,1.324987030029297075e-01,7.060123405456542933e+00,5.160000000000000142e+00,3.750000000000000000e+05
3.473026387732141007e-01,7.804206809997558558e+00,1.063749929428100671e+01,5.160000000000000142e+00,0.000000000000000000e+00
3.474150335829370162e-01,8.028996429443360228e+00,1.063749929428100671e+01,5.160000000000000142e+00,3.750000000000000000e+05
3.558823038599319144e-01,1.324987030029297075e-01,6.955302200317382777e+00,5.160000000000000142e+00,0.000000000000000000e+00
3.559347144625014669e-01,1.324987030029297075e-01,6.850480995178222621e+00,5.160000000000000142e+00,3.750000000000000000e+05
3.646430225801748914e-01,8.253786048889161009e+00,1.063749929428100671e+01,5.160000000000000142e+00,0.000000000000000000e+00
3.647554169130606261e-01,8.478574714660645384e+00,1.063749929428100671e+01,5.160000000000000142e+00,3.750000000000000000e+05
3.737047616397676242e-01,1.324987030029297075e-01,6.745660743713378871e+00,5.160000000000000142e+00,0.000000000000000000e+00
3.737571722423371767e-01,1.324987030029297075e-01,6.640839538574218714e+00,5.160000000000000142e+00,3.750000000000000000e+05
3.829475548097227011e-01,8.703364334106446165e+00,1.063749929428100671e+01,5.160000000000000142e+00,0.000000000000000000e+00
3.830599491426084358e-01,8.928152999877930540e+00,1.063749929428100671e+01,5.160000000000000142e+00,3.750000000000000000e+05
3.924913687107089988e-01,1.324987030029297075e-01,6.536018333435058558e+00,5.160000000000000142e+00,0.000000000000000000e+00
3.925437793132785513e-01,1.324987030029297075e-01,6.431197128295898402e+00,5.160000000000000142e+00,3.750000000000000000e+05
4.022162367220576407e-01,9.152942619323731321e+00,1.063749929428100671e+01,5.160000000000000142e+00,0.000000000000000000e+00
4.023286310549433753e-01,9.377731285095215696e+00,1.063749929428100671e+01,5.160000000000000142e+00,3.750000000000000000e+05
4.122421250727560382e-01,1.324987030029297075e-01,6.326376876831054652e+00,5.160000000000000142e+00,0.000000000000000000e+00
4.122945356753255908e-01,1.324987030029297075e-01,6.221555671691894496e+00,5.160000000000000142e+00,3.750000000000000000e+05
4.224490675338168355e-01,9.602520904541016478e+00,1.063749929428100671e+01,5.160000000000000142e+00,0.000000000000000000e+00
4.225614618667025701e-01,9.827309570312500853e+00,1.063749929428100671e+01,5.160000000000000142e+00,3.750000000000000000e+05
4.329570307259087980e-01,1.324987030029297075e-01,6.116734466552734339e+00,5.160000000000000142e+00,0.000000000000000000e+00
4.330094408516412252e-01,1.324987030029297075e-01,6.011914215087890589e+00,5.160000000000000142e+00,3.750000000000000000e+05
4.436460471598445698e-01,1.005209918975830163e+01,1.063749929428100671e+01,5.160000000000000142e+00,0.000000000000000000e+00
4.437584414927303045e-01,1.027688785552978601e+01,1.063749929428100671e+01,5.160000000000000142e+00,3.750000000000000000e+05
4.546360848016486877e-01,1.324987030029297075e-01,5.907093009948730433e+00,5.160000000000000142e+00,0.000000000000000000e+00
4.546884954042182403e-01,1.324987030029297075e-01,5.802271804809570277e+00,5.160000000000000142e+00,3.750000000000000000e+05
4.658071765538151499e-01,1.050167747497558679e+01,1.063749929428100671e+01,5.160000000000000142e+00,0.000000000000000000e+00
4.659195708867008845e-01,1.072646614074707117e+01,1.063749929428100671e+01,5.160000000000000142e+00,3.750000000000000000e+05
4.772792886453313677e-01,1.324987030029297075e-01,5.697451553344726527e+00,5.160000000000000142e+00,0.000000000000000000e+00
4.773316992479009202e-01,1.324987030029297075e-01,5.592630348205566371e+00,5.160000000000000142e+00,3.750000000000000000e+05
4.889324548472099297e-01,1.095125576019287195e+01,1.063749929428100671e+01,5.160000000000000142e+00,0.000000000000000000e+00
4.890448491800956643e-01,1.117604442596435632e+01,1.063749929428100671e+01,5.160000000000000142e+00,3.750000000000000000e+05
5.008866417801196569e-01,1.324987030029297075e-01,5.487809143066406214e+00,5.160000000000000142e+00,0.000000000000000000e+00
5.009390519058520841e-01,1.324987030029297075e-01,5.382988891601562464e+00,5.160000000000000142e+00,3.750000000000000000e+05
5.130218819548733045e-01,1.140083404541015710e+01,1.063749929428100671e+01,5.160000000000000142e+00,0.000000000000000000e+00
5.131342762877590946e-01,1.162562271118164148e+01,1.063749929428100671e+01,5.160000000000000142e+00,3.750000000000000000e+05
5.254581433374952981e-01,1.324987030029297075e-01,5.278167686462402308e+00,5.160000000000000142e+00,0.000000000000000000e+00
5.255105539400648507e-01,1.324987030029297075e-01,5.173346481323242152e+00,5.160000000000000142e+00,3.750000000000000000e+05
5.380754588304795805e-01,1.185041233062744226e+01,1.063749929428100671e+01,5.160000000000000142e+00,0.000000000000000000e+00
5.381878531633653706e-01,1.207520099639892663e+01,1.063749929428100671e+01,5.160000000000000142e+00,3.750000000000000000e+05
5.509937946628137295e-01,1.324987030029297075e-01,5.068526229858398402e+00,5.160000000000000142e+00,0.000000000000000000e+00
5.510462052653832821e-01,1.324987030029297075e-01,4.963705024719238246e+00,5.160000000000000142e+00,3.750000000000000000e+05
5.640931846055101673e-01,1.229999061584472742e+01,1.063749929428100671e+01,5.160000000000000142e+00,0.000000000000000000e+00
5.642055789383959574e-01,1.252477928161621179e+01,1.063749929428100671e+01,5.160000000000000142e+00,3.750000000000000000e+05
5.774935952792378258e-01,1.324987030029297075e-01,4.858883819580078089e+00,5.160000000000000142e+00,0.000000000000000000e+00
5.775460054049702530e-01,1.324987030029297075e-01,4.754063568115234339e+00,5.160000000000000142e+00,3.750000000000000000e+05
5.910750591948092936e-01,1.274956890106201257e+01,1.063749929428100671e+01,5.160000000000000142e+00,0.000000000000000000e+00
5.911874535276950837e-01,1.297435756683349695e+01,1.063749929428100671e+01,5.160000000000000142e+00,3.750000000000000000e+05
6.049575443182491075e-01,1.324987030029297075e-01,4.649242362976074183e+00,5.160000000000000142e+00,0.000000000000000000e+00
6.050099549208186600e-01,1.324987030029297075e-01,4.544421157836914027e+00,5.160000000000000142e+00,3.750000000000000000e+05
6.190210835520512100e-01,1.319914718627929773e+01,1.063749929428100671e+01,5.160000000000000142e+00,0.000000000000000000e+00
6.191334778849370002e-01,1.342393585205078210e+01,1.063749929428100671e+01,5.160000000000000142e+00,3.750000000000000000e+05
6.333856435168845334e-01,1.324987030029297075e-01,4.439599952697753871e+00,5.160000000000000142e+00,0.000000000000000000e+00
6.334380536426169606e-01,1.324987030029297075e-01,4.334779701232910121e+00,5.160000000000000142e+00,3.750000000000000000e+05
6.479312567235616660e-01,1.364872547149658288e+01,1.063749929428100671e+01,5.160000000000000142e+00,0.000000000000000000e+00
6.480436510564474561e-01,1.387351413726806726e+01,1.063749929428100671e+01,5.160000000000000142e+00,3.750000000000000000e+05
6.627778911381071447e-01,1.324987030029297075e-01,4.229958496093749964e+00,5.160000000000000142e+00,0.000000000000000000e+00
6.628303017406766973e-01,1.324987030029297075e-01,4.125137290954589808e+00,5.160000000000000142e+00,3.750000000000000000e+05
6.778055796630149121e-01,1.409830375671386804e+01,1.063749929428100671e+01,5.160000000000000142e+00,0.000000000000000000e+00
6.779179739959007023e-01,1.432309242248535242e+01,1.063749929428100671e+01,5.160000000000000142e+00,3.750000000000000000e+05
6.931342885272725463e-01,1.324987030029297075e-01,4.020317039489746058e+00,5.160000000000000142e+00,0.000000000000000000e+00
6.931866991298420988e-01,1.324987030029297075e-01,3.915495834350585902e+00,5.160000000000000142e+00,3.750000000000000000e+05
7.086440515018924691e-01,1.454788204193115320e+01,1.063749929428100671e+01,5.160000000000000142e+00,0.000000000000000000e+00
7.087564458347782592e-01,1.477267070770263757e+01,1.063749929428100671e+01,5.160000000000000142e+00,3.750000000000000000e+05
7.244548352075436126e-01,1.324987030029297075e-01,3.810674629211425746e+00,5.160000000000000142e+00,0.000000000000000000e+00
7.245072453332760398e-01,1.324987030029297075e-01,3.705854377746581996e+00,5.160000000000000142e+00,3.750000000000000000e+05
7.404466721550384545e-01,1.499746032714843835e+01,1.063749929428100671e+01,5.160000000000000142e+00,0.000000000000000000e+00
7.405590664879242446e-01,1.522224899291992273e+01,1.063749929428100671e+01,5.160000000000000142e+00,3.750000000000000000e+05
7.567395303104017534e-01,1.324987030029297075e-01,3.601033172607421839e+00,5.160000000000000142e+00,0.000000000000000000e+00
7.567919409129713060e-01,1.324987030029297075e-01,3.496211967468261683e+00,5.160000000000000142e+00,3.750000000000000000e+05
7.732134425761273411e-01,1.544703861236572351e+01,1.063749929428100671e+01,5.160000000000000142e+00,0.000000000000000000e+00
7.733258369090131312e-01,1.567182727813720788e+01,1.063749929428100671e+01,5.160000000000000142e+00,3.750000000000000000e+05
7.899883751812027954e-01,1.324987030029297075e-01,3.391391716003417933e+00,5.160000000000000142e+00,0.000000000000000000e+00
7.900407857837723480e-01,1.324987030029297075e-01,3.286570510864257777e+00,5.160000000000000142e+00,3.750000000000000000e+05
8.069443618966405385e-01,1.589661689758300867e+01,1.063749929428100671e+01,5.160000000000000142e+00,0.000000000000000000e+00
8.070567562295263286e-01,1.612140556335449304e+01,1.063749929428100671e+01,5.160000000000000142e+00,3.750000000000000000e+05
8.242013693431095023e-01,1.324987030029297075e-01,3.181749305725097621e+00,5.160000000000000142e+00,0.000000000000000000e+00
8.242537794688419295e-01,1.324987030029297075e-01,3.076929054260253871e+00,5.160000000000000142e+00,3.750000000000000000e+05
8.416394300314221644e-01,1.634619518280029382e+01,1.063749929428100671e+01,5.160000000000000142e+00,0.000000000000000000e+00
8.417518243643079545e-01,1.657098384857177820e+01,1.063749929428100671e+01,5.160000000000000142e+00,3.750000000000000000e+05
8.593785119276032836e-01,1.324987030029297075e-01,2.972107849121093714e+00,5.160000000000000142e+00,0.000000000000000000e+00
8.594309225301728361e-01,1.324987030029297075e-01,2.867286643981933558e+00,5.160000000000000142e+00,3.750000000000000000e+05
8.772986487741102346e-01,1.679577442169189538e+01,1.063749929428100671e+01,5.160000000000000142e+00,0.000000000000000000e+00
8.774110431069960248e-01,1.702056308746337976e+01,1.063749929428100671e+01,5.160000000000000142e+00,3.750000000000000000e+05
8.955198059599669413e-01,1.324987030029297075e-01,2.762466392517089808e+00,5.160000000000000142e+00,0.000000000000000000e+00
8.955722165625364939e-01,1.324987030029297075e-01,2.657645187377929652e+00,5.160000000000000142e+00,3.750000000000000000e+05
9.139220164162225046e-01,1.724535175323486413e+01,1.063749929428100671e+01,5.160000000000000142e+00,0.000000000000000000e+00
9.140344107491082948e-01,1.747014041900634851e+01,1.063749929428100671e+01,5.160000000000000142e+00,3.750000000000000000e+05
9.326252476035092887e-01,1.324987030029297075e-01,2.552823982238769496e+00,5.160000000000000142e+00,0.000000000000000000e+00
9.326776577292417159e-01,1.324987030029297075e-01,2.448003730773925746e+00,5.160000000000000142e+00,3.750000000000000000e+05
9.515095328726033141e-01,1.769493099212646570e+01,1.063749929428100671e+01,5.160000000000000142e+00,0.000000000000000000e+00
9.516219272054891043e-01,1.791971965789795007e+01,1.063749929428100671e+01,5.160000000000000142e+00,3.750000000000000000e+05
9.706948393495656857e-01,1.324987030029297075e-01,2.343182525634765589e+00,5.160000000000000142e+00,0.000000000000000000e+00
9.707472499521352383e-01,1.324987030029297075e-01,2.238361320495605433e+00,5.160000000000000142e+00,3.750000000000000000e+05
9.900611990969269138e-01,1.814450832366943445e+01,1.063749929428100671e+01,5.160000000000000142e+00,0.000000000000000000e+00
9.901735934298127040e-01,1.836929698944091882e+01,1.063749929428100671e+01,5.160000000000000142e+00,3.750000000000000000e+05
1.009728579183637898e+00,1.324987030029297075e-01,2.133541069030761683e+00,5.160000000000000142e+00,0.000000000000000000e+00
1.009780989786207561e+00,1.324987030029297075e-01,2.028719863891601527e+00,5.160000000000000142e+00,3.750000000000000000e+05
1.029577014220674824e+00,1.859408756256103601e+01,1.063749929428100671e+01,5.160000000000000142e+00,0.000000000000000000e+00
1.029689408553560614e+00,1.881887622833252038e+01,1.063749929428100671e+01,5.160000000000000142e+00,3.750000000000000000e+05
1.049726469988742972e+00,1.324987030029297075e-01,1.923898658752441371e+00,5.160000000000000142e+00,0.000000000000000000e+00
1.049778880591312635e+00,1.324987030029297075e-01,1.819077453613281214e+00,5.160000000000000142e+00,3.750000000000000000e+05
1.070056979027209865e+00,1.904366489410400476e+01,1.063749929428100671e+01,5.160000000000000142e+00,0.000000000000000000e+00
1.070169373360095655e+00,1.926845355987548913e+01,1.063749929428100671e+01,5.160000000000000142e+00,3.750000000000000000e+05
1.090688508405026624e+00,1.324987030029297075e-01,1.714257202148437464e+00,5.160000000000000142e+00,0.000000000000000000e+00
1.090740919484433302e+00,1.324987030029297075e-01,1.609435043334960902e+00,5.160000000000000142e+00,3.750000000000000000e+05
1.111501093601687584e+00,1.949324413299560632e+01,1.063749929428100671e+01,5.160000000000000142e+00,0.000000000000000000e+00
1.111613487934573374e+00,1.971803279876709070e+01,1.063749929428100671e+01,5.160000000000000142e+00,3.750000000000000000e+05
1.132614698660861396e+00,1.324987030029297075e-01,1.504614791870117152e+00,5.160000000000000142e+00,0.000000000000000000e+00
1.132667108786593824e+00,1.324987030029297075e-01,1.399794540405273402e+00,5.160000000000000142e+00,3.750000000000000000e+05
1.153909356121915364e+00,1.994282146453857507e+01,1.063749929428100671e+01,5.160000000000000142e+00,0.000000000000000000e+00
1.154021750454801154e+00,2.016761013031005945e+01,1.063749929428100671e+01,5.160000000000000142e+00,3.750000000000000000e+05
1.175505035182519142e+00,1.324987030029297075e-01,1.294972381591796839e+00,5.160000000000000142e+00,0.000000000000000000e+00
1.175557445308251570e+00,1.324987030029297075e-01,1.190152130126953089e+00,5.160000000000000142e+00,3.750000000000000000e+05
1.197281768324930162e+00,2.039240070343017663e+01,1.063749929428100671e+01,5.160000000000000142e+00,0.000000000000000000e+00
1.197394162657815952e+00,2.061718936920166101e+01,1.063749929428100671e+01,5.160000000000000142e+00,3.750000000000000000e+05
1.219359522283528285e+00,1.324987030029297075e-01,1.085331878662109339e+00,5.160000000000000142e+00,0.000000000000000000e+00
1.219411933362934963e+00,1.324987030029297075e-01,9.805097198486327770e-01,5.160000000000000142e+00,3.750000000000000000e+05
1.241618330381043744e+00,2.084197803497314538e+01,1.063749929428100671e+01,5.160000000000000142e+00,0.000000000000000000e+00
1.241730724713929535e+00,2.106676670074462976e+01,1.063749929428100671e+01,5.160000000000000142e+00,3.750000000000000000e+05
1.264178158341071834e+00,1.324987030029297075e-01,8.756894683837890270e-01,5.160000000000000142e+00,0.000000000000000000e+00
1.264230568466804261e+00,1.324987030029297075e-01,7.708692169189452770e-01,5.160000000000000142e+00,3.750000000000000000e+05
1.286919040382907164e+00,2.129155727386474695e+01,1.063749929428100671e+01,5.160000000000000142e+00,0.000000000000000000e+00
1.287031434685990572e+00,2.151634588003158655e+01,1.063749929428100671e+01,5.160000000000000142e+00,3.750000000000000000e+05
1.309960943941992140e+00,1.324987030029297075e-01,6.660470581054687145e-01,5.160000000000000142e+00,0.000000000000000000e+00
1.310013354067724567e+00,1.324987030029297075e-01,5.612268066406249645e-01,5.160000000000000142e+00,3.750000000000000000e+05
1.333183899932759875e+00,2.174113454580307092e+01,1.063749929428100671e+01,5.160000000000000142e+00,0.000000000000000000e+00
1.333296294265645665e+00,2.196592321157455530e+01,1.063749929428100671e+01,5.160000000000000142e+00,3.750000000000000000e+05
1.356707876739714491e+00,1.324987030029297075e-01,4.564065551757812700e-01,5.160000000000000142e+00,0.000000000000000000e+00
1.356760287819121169e+00,1.324987030029297075e-01,3.515843963623047075e-01,5.160000000000000142e+00,3.750000000000000000e+05
1.380412909391762311e+00,2.219071381449699487e+01,1.063749929428100671e+01,5.160000000000000142e+00,0.000000000000000000e+00
1.380525303720922858e+00,2.241550247281789865e+01,1.063749929428100671e+01,5.160000000000000142e+00,3.750000000000000000e+05
1.404418961896035434e+00,1.324987030029297075e-01,2.467641448974609575e-01,5.160000000000000142e+00,0.000000000000000000e+00
1.404471372021767861e+00,1.324987030029297075e-01,1.419438934326172075e-01,5.160000000000000142e+00,3.750000000000000000e+05
1.428606066799351870e+00,2.264029113113880243e+01,1.063749929428100671e+01,5.160000000000000142e+00,0.000000000000000000e+00
1.428718461139688145e+00,2.286507981181144800e+01,1.063749929428100671e+01,5.160000000000000142e+00,3.750000000000000000e+05
1.452874872608439283e+00,3.370351409912109575e-01,1.324987030029297075e-01,5.160000000000000142e+00,0.000000000000000000e+00
1.452987266941325073e+00,5.618238067626952770e-01,1.324987030029297075e-01,5.160000000000000142e+00,3.750000000000000000e+05
1.477143680063754294e+00,2.308987035512924280e+01,1.063749929428100671e+01,5.160000000000000142e+00,0.000000000000000000e+00
1.477256074396640084e+00,2.331465902090072717e+01,1.063749929428100671e+01,5.160000000000000142e+00,3.750000000000000000e+05
1.501412485839142219e+00,7.866143798828124645e-01,1.324987030029297075e-01,5.160000000000000142e+00,0.000000000000000000e+00
1.501524880172028009e+00,1.011403045654296839e+00,1.324987030029297075e-01,5.160000000000000142e+00,3.750000000000000000e+05
1.525681291667027928e+00,2.353944774627685632e+01,1.063749929428100671e+01,5.160000000000000142e+00,0.000000000000000000e+00
1.525793685999913718e+00,2.376423641204834070e+01,1.063749929428100671e+01,5.160000000000000142e+00,3.750000000000000000e+05
1.549950097494913637e+00,1.236191711425781214e+00,1.324987030029297075e-01,5.160000000000000142e+00,0.000000000000000000e+00
1.550062491827799427e+00,1.460980377197265589e+00,1.324987030029297075e-01,5.160000000000000142e+00,3.750000000000000000e+05
1.574218905002726432e+00,2.398902698516845788e+01,1.063749929428100671e+01,5.160000000000000142e+00,0.000000000000000000e+00
1.574331299335612222e+00,2.421381565093994226e+01,1.063749929428100671e+01,5.160000000000000142e+00,3.750000000000000000e+05
1.598487710830612141e+00,1.685770950317382777e+00,1.324987030029297075e-01,5.160000000000000142e+00,0.000000000000000000e+00
1.598600105163497931e+00,1.910559616088867152e+00,1.324987030029297075e-01,5.160000000000000142e+00,3.750000000000000000e+05
1.622756516658497850e+00,2.443860431671142663e+01,1.063749929428100671e+01,5.160000000000000142e+00,0.000000000000000000e+00
1.622868910991383640e+00,2.466339298248291101e+01,1.063749929428100671e+01,5.160000000000000142e+00,3.750000000000000000e+05
1.647025322486383558e+00,2.135348281860351527e+00,1.324987030029297075e-01,5.160000000000000142e+00,0.000000000000000000e+00
1.647137716819269349e+00,2.360136947631835902e+00,1.324987030029297075e-01,5.160000000000000142e+00,3.750000000000000000e+05
1.671294129994196354e+00,2.488818355560302820e+01,1.063749929428100671e+01,5.160000000000000142e+00,0.000000000000000000e+00
1.671406524327082144e+00,2.511297222137451257e+01,1.063749929428100671e+01,5.160000000000000142e+00,3.750000000000000000e+05
1.695562935822082062e+00,2.584927520751953089e+00,1.324987030029297075e-01,5.160000000000000142e+00,0.000000000000000000e+00
1.695675330154967853e+00,2.809716186523437464e+00,1.324987030029297075e-01,5.160000000000000142e+00,3.750000000000000000e+05
1.719831741649967771e+00,2.533776088714599695e+01,1.063749929428100671e+01,5.160000000000000142e+00,0.000000000000000000e+00
1.719944135982853561e+00,2.556254955291748132e+01,1.063749929428100671e+01,5.160000000000000142e+00,3.750000000000000000e+05
1.744100547477853480e+00,3.034504852294921839e+00,1.324987030029297075e-01,5.160000000000000142e+00,0.000000000000000000e+00
1.744212941810739270e+00,3.259293518066406214e+00,1.324987030029297075e-01,5.160000000000000142e+00,3.750000000000000000e+05
1.768369354985666275e+00,2.578734012603759851e+01,1.063749929428100671e+01,5.160000000000000142e+00,0.000000000000000000e+00
1.768481749318552065e+00,2.601212879180908288e+01,1.063749929428100671e+01,5.160000000000000142e+00,3.750000000000000000e+05
1.792638160813551984e+00,3.484084091186523402e+00,1.324987030029297075e-01,5.160000000000000142e+00,0.000000000000000000e+00
1.792750555146437774e+00,3.708872756958007777e+00,1.324987030029297075e-01,5.160000000000000142e+00,3.750000000000000000e+05
1.816906966641437693e+00,2.623691745758056726e+01,1.063749929428100671e+01,5.160000000000000142e+00,0.000000000000000000e+00
1.817019360974323483e+00,2.646170612335205163e+01,1.063749929428100671e+01,5.160000000000000142e+00,3.750000000000000000e+05
1.841175772469323402e+00,3.933661422729492152e+00,1.324987030029297075e-01,5.160000000000000142e+00,0.000000000000000000e+00
1.841288166802209192e+00,4.158450088500976527e+00,1.324987030029297075e-01,5.160000000000000142e+00,3.750000000000000000e+05
1.865444579977136197e+00,2.668649669647216882e+01,1.063749929428100671e+01,5.160000000000000142e+00,0.000000000000000000e+00
1.865556974310021987e+00,2.691128536224365320e+01,1.063749929428100671e+01,5.160000000000000142e+00,3.750000000000000000e+05
1.889713385805021906e+00,4.383240661621093714e+00,1.324987030029297075e-01,5.160000000000000142e+00,0.000000000000000000e+00
1.889825780137907696e+00,4.608029327392578089e+00,1.324987030029297075e-01,5.160000000000000142e+00,3.750000000000000000e+05
1.913982191632907615e+00,2.713607402801513757e+01,1.063749929428100671e+01,5.160000000000000142e+00,0.000000000000000000e+00
1.914094585965793405e+00,2.736086269378662195e+01,1.063749929428100671e+01,5.160000000000000142e+00,3.750000000000000000e+05
1.938250997460793323e+00,4.832817993164062464e+00,1.324987030029297075e-01,5.160000000000000142e+00,0.000000000000000000e+00
1.938363391793679114e+00,5.057606658935546839e+00,1.324987030029297075e-01,5.160000000000000142e+00,3.750000000000000000e+05
1.962519804968606119e+00,2.758565326690673913e+01,1.063749929428100671e+01,5.160000000000000142e+00,0.000000000000000000e+00
1.962632199301491909e+00,2.781044193267822351e+01,1.063749929428100671e+01,5.160000000000000142e+00,3.750000000000000000e+05
1.986788610796491827e+00,5.282397232055664027e+00,1.324987030029297075e-01,5.160000000000000142e+00,0.000000000000000000e+00
1.986901005129377618e+00,5.507185897827148402e+00,1.324987030029297075e-01,5.160000000000000142e+00,3.750000000000000000e+05
2.011057416624377758e+00,2.803523059844970788e+01,1.063749929428100671e+01,5.160000000000000142e+00,0.000000000000000000e+00
2.011169810957263326e+00,2.826001926422119226e+01,1.063749929428100671e+01,5.160000000000000142e+00,3.750000000000000000e+05
2.035326222452263245e+00,5.731974563598632777e+00,1.324987030029297075e-01,5.160000000000000142e+00,0.000000000000000000e+00
2.035438616785148813e+00,5.956763229370117152e+00,1.324987030029297075e-01,5.160000000000000142e+00,3.750000000000000000e+05
2.059595029960075596e+00,2.848480983734130945e+01,1.063749929428100671e+01,5.160000000000000142e+00,0.000000000000000000e+00
2.059707424292961164e+00,2.870959850311279382e+01,1.063749929428100671e+01,5.160000000000000142e+00,3.750000000000000000e+05
2.083863835787961083e+00,6.181553802490234339e+00,1.324987030029297075e-01,5.160000000000000142e+00,0.000000000000000000e+00
2.083976230120846651e+00,6.406342468261718714e+00,1.324987030029297075e-01,5.160000000000000142e+00,3.750000000000000000e+05
2.108132641615846570e+00,2.893438716888427820e+01,1.063749929428100671e+01,5.160000000000000142e+00,0.000000000000000000e+00
2.108245035948732138e+00,2.915917583465576257e+01,1.063749929428100671e+01,5.160000000000000142e+00,3.750000000000000000e+05
2.132401447443732057e+00,6.631131134033203089e+00,1.324987030029297075e-01,5.160000000000000142e+00,0.000000000000000000e+00
2.132513842253454861e+00,6.855920753479003871e+00,1.324987030029297075e-01,5.160000000000000142e+00,3.750000000000000000e+05
2.156670254588418434e+00,2.938396640777587976e+01,1.063749929428100671e+01,5.160000000000000142e+00,0.000000000000000000e+00
2.156782648921304002e+00,2.960875507354736413e+01,1.063749929428100671e+01,5.160000000000000142e+00,3.750000000000000000e+05
2.180939061256267575e+00,7.080709419250488246e+00,1.324987030029297075e-01,5.160000000000000142e+00,0.000000000000000000e+00
2.181051456065990379e+00,7.305499038696289027e+00,1.324987030029297075e-01,5.160000000000000142e+00,3.750000000000000000e+05
2.205207867560990298e+00,2.983354373931884851e+01,1.063749929428100671e+01,5.160000000000000142e+00,0.000000000000000000e+00
2.205320262847550339e+00,3.005833431243896570e+01,1.063749929428100671e+01,5.160000000000000142e+00,3.750000000000000000e+05
2.229476676022477122e+00,7.530287704467773402e+00,1.324987030029297075e-01,5.160000000000000142e+00,0.000000000000000000e+00
2.229589070832199926e+00,7.755077323913574183e+00,1.324987030029297075e-01,5.160000000000000142e+00,3.750000000000000000e+05
2.253745483167163499e+00,3.028312297821045007e+01,1.063749929428100671e+01,5.160000000000000142e+00,0.000000000000000000e+00
2.253857877500049067e+00,3.050791164398193445e+01,1.063749929428100671e+01,5.160000000000000142e+00,3.750000000000000000e+05
2.278014289835012640e+00,7.979865989685058558e+00,1.324987030029297075e-01,5.160000000000000142e+00,0.000000000000000000e+00
2.278126684644735445e+00,8.204655609130860228e+00,1.324987030029297075e-01,5.160000000000000142e+00,3.750000000000000000e+05
2.302283096139735363e+00,3.073270030975341882e+01,1.063749929428100671e+01,5.160000000000000142e+00,0.000000000000000000e+00
2.302395491426295404e+00,3.095749088287353601e+01,1.063749929428100671e+01,5.160000000000000142e+00,3.750000000000000000e+05
2.326551903761258977e+00,8.429445228576661009e+00,1.324987030029297075e-01,5.160000000000000142e+00,0.000000000000000000e+00
2.326664298094144545e+00,8.654233894348145384e+00,1.324987030029297075e-01,5.160000000000000142e+00,3.750000000000000000e+05
2.350820710429108118e+00,3.118227954864502038e+01,1.063749929428100671e+01,5.160000000000000142e+00,0.000000000000000000e+00
2.350933104761993686e+00,3.140706821441650476e+01,1.063749929428100671e+01,5.160000000000000142e+00,3.750000000000000000e+05
2.375089516256993605e+00,8.879023513793946165e+00,1.324987030029297075e-01,5.160000000000000142e+00,0.000000000000000000e+00
2.375201910589879173e+00,9.103812179565430540e+00,1.324987030029297075e-01,5.160000000000000142e+00,3.750000000000000000e+05
2.399358322084879092e+00,3.163185688018798913e+01,1.063749929428100671e+01,5.160000000000000142e+00,0.000000000000000000e+00
2.399470717371439132e+00,3.185664745330810632e+01,1.063749929428100671e+01,5.160000000000000142e+00,3.750000000000000000e+05
2.423627129706402705e+00,9.328601799011231321e+00,1.324987030029297075e-01,5.160000000000000142e+00,0.000000000000000000e+00
2.423739524039288273e+00,9.553390464782715696e+00,1.324987030029297075e-01,5.160000000000000142e+00,3.750000000000000000e+05
2.447895936374251846e+00,3.208143611907959070e+01,1.063749929428100671e+01,5.160000000000000142e+00,0.000000000000000000e+00
2.448008330707137414e+00,3.230622478485107507e+01,1.063749929428100671e+01,5.160000000000000142e+00,3.750000000000000000e+05
2.472164742202137333e+00,9.778180084228516478e+00,1.324987030029297075e-01,5.160000000000000142e+00,0.000000000000000000e+00
2.472277136535022901e+00,1.000296875000000085e+01,1.324987030029297075e-01,5.160000000000000142e+00,3.750000000000000000e+05
2.496433548030022820e+00,3.253101345062255945e+01,1.063749929428100671e+01,5.160000000000000142e+00,0.000000000000000000e+00
2.496545942362908388e+00,3.275580211639404382e+01,1.063749929428100671e+01,5.160000000000000142e+00,3.750000000000000000e+05
2.520702353017944652e+00,1.022775836944580163e+01,1.324987030029297075e-01,5.160000000000000142e+00,0.000000000000000000e+00
2.520814747350830221e+00,1.045254703521728601e+01,1.324987030029297075e-01,5.160000000000000142e+00,3.750000000000000000e+05
2.544971158005866485e+00,3.298059078216552820e+01,1.063749929428100671e+01,5.160000000000000142e+00,0.000000000000000000e+00
2.545083554246100999e+00,3.320538326263427820e+01,1.063749929428100671e+01,5.160000000000000142e+00,3.750000000000000000e+05
2.569239967421027782e+00,1.067733665466308679e+01,1.324987030029297075e-01,5.160000000000000142e+00,0.000000000000000000e+00
2.569352361753913350e+00,1.090212532043457117e+01,1.324987030029297075e-01,5.160000000000000142e+00,3.750000000000000000e+05
2.593508774928840133e+00,3.343017192840576257e+01,1.063749929428100671e+01,5.160000000000000142e+00,0.000000000000000000e+00
2.593621169261725701e+00,3.365496059417724695e+01,1.063749929428100671e+01,5.160000000000000142e+00,3.750000000000000000e+05
2.617777581596689274e+00,1.112691493988037195e+01,1.324987030029297075e-01,5.160000000000000142e+00,0.000000000000000000e+00
2.617889975929574842e+00,1.135170360565185632e+01,1.324987030029297075e-01,5.160000000000000142e+00,3.750000000000000000e+05
2.642046388264538415e+00,3.387974925994873132e+01,1.063749929428100671e+01,5.160000000000000142e+00,0.000000000000000000e+00
2.642158782597423983e+00,3.410453792572021570e+01,1.063749929428100671e+01,5.160000000000000142e+00,3.750000000000000000e+05
2.666315194092423901e+00,1.157649322509765710e+01,1.324987030029297075e-01,5.160000000000000142e+00,0.000000000000000000e+00
2.666427588425309469e+00,1.180128189086914148e+01,1.324987030029297075e-01,5.160000000000000142e+00,3.750000000000000000e+05
2.690583999920309388e+00,3.432932659149170007e+01,1.063749929428100671e+01,5.160000000000000142e+00,0.000000000000000000e+00
2.690696394253194956e+00,3.455411525726318445e+01,1.063749929428100671e+01,5.160000000000000142e+00,3.750000000000000000e+05
2.714852804908231221e+00,1.202607151031494226e+01,1.324987030029297075e-01,5.160000000000000142e+00,0.000000000000000000e+00
2.714965199241116789e+00,1.225086017608642663e+01,1.324987030029297075e-01,5.160000000000000142e+00,3.750000000000000000e+05
2.739121609896153053e+00,3.477890392303466882e+01,1.063749929428100671e+01,5.160000000000000142e+00,0.000000000000000000e+00
2.739234006136387567e+00,3.500369640350341882e+01,1.063749929428100671e+01,5.160000000000000142e+00,3.750000000000000000e+05
2.763390419311314350e+00,1.247564979553222742e+01,1.324987030029297075e-01,5.160000000000000142e+00,0.000000000000000000e+00
2.763502813644199918e+00,1.270043846130371179e+01,1.324987030029297075e-01,5.160000000000000142e+00,3.750000000000000000e+05
2.787659226819126701e+00,3.522848506927490320e+01,1.063749929428100671e+01,5.160000000000000142e+00,0.000000000000000000e+00
2.787771621152012269e+00,3.545327373504638757e+01,1.063749929428100671e+01,5.160000000000000142e+00,3.750000000000000000e+05
2.811928033486975842e+00,1.292522808074951257e+01,1.324987030029297075e-01,5.160000000000000142e+00,0.000000000000000000e+00
2.812040427819861410e+00,1.315001674652099695e+01,1.324987030029297075e-01,5.160000000000000142e+00,3.750000000000000000e+05
2.836196840154824983e+00,3.567806240081787195e+01,1.063749929428100671e+01,5.160000000000000142e+00,0.000000000000000000e+00
2.836309234487710551e+00,3.590285106658935632e+01,1.063749929428100671e+01,5.160000000000000142e+00,3.750000000000000000e+05
2.860465645982710470e+00,1.337480636596679773e+01,1.324987030029297075e-01,5.160000000000000142e+00,0.000000000000000000e+00
2.860578040315596038e+00,1.359959503173828210e+01,1.324987030029297075e-01,5.160000000000000142e+00,3.750000000000000000e+05
2.884734451810595957e+00,3.612763973236084070e+01,1.063749929428100671e+01,5.160000000000000142e+00,0.000000000000000000e+00
2.884846846143481525e+00,3.635242839813232507e+01,1.063749929428100671e+01,5.160000000000000142e+00,3.750000000000000000e+05
2.909003256798517789e+00,1.382438465118408288e+01,1.324987030029297075e-01,5.160000000000000142e+00,0.000000000000000000e+00
2.909115651131403357e+00,1.404917331695556726e+01,1.324987030029297075e-01,5.160000000000000142e+00,3.750000000000000000e+05
2.933272061786439622e+00,3.657721706390380945e+01,1.063749929428100671e+01,5.160000000000000142e+00,0.000000000000000000e+00
2.933384458026674135e+00,3.680200954437255945e+01,1.063749929428100671e+01,5.160000000000000142e+00,3.750000000000000000e+05
2.957540871201600918e+00,1.427396293640136804e+01,1.324987030029297075e-01,5.160000000000000142e+00,0.000000000000000000e+00
2.957653265534486486e+00,1.449875160217285242e+01,1.324987030029297075e-01,5.160000000000000142e+00,3.750000000000000000e+05
2.981809678709413269e+00,3.702679821014404382e+01,1.063749929428100671e+01,5.160000000000000142e+00,0.000000000000000000e+00
2.981922073042298837e+00,3.725158687591552820e+01,1.063749929428100671e+01,5.160000000000000142e+00,3.750000000000000000e+05
3.006078485377262410e+00,1.472354122161865320e+01,1.324987030029297075e-01,5.160000000000000142e+00,0.000000000000000000e+00
3.006190879710147978e+00,1.494832988739013757e+01,1.324987030029297075e-01,5.160000000000000142e+00,3.750000000000000000e+05
3.030347292045111551e+00,3.747637554168701257e+01,1.063749929428100671e+01,5.160000000000000142e+00,0.000000000000000000e+00
3.030459686377997119e+00,3.770116420745849695e+01,1.063749929428100671e+01,5.160000000000000142e+00,3.750000000000000000e+05
3.054616097872997038e+00,1.517311950683593835e+01,1.324987030029297075e-01,5.160000000000000142e+00,0.000000000000000000e+00
3.054728492205882606e+00,1.539790817260742273e+01,1.324987030029297075e-01,5.160000000000000142e+00,3.750000000000000000e+05
3.078884903700882525e+00,3.792595287322998132e+01,1.063749929428100671e+01,5.160000000000000142e+00,0.000000000000000000e+00
3.078997298033768093e+00,3.815074153900146570e+01,1.063749929428100671e+01,5.160000000000000142e+00,3.750000000000000000e+05
3.103153708688804358e+00,1.562269779205322351e+01,1.324987030029297075e-01,5.160000000000000142e+00,0.000000000000000000e+00
3.103266103021689926e+00,1.584748645782470788e+01,1.324987030029297075e-01,5.160000000000000142e+00,3.750000000000000000e+05
3.127422513676726190e+00,3.837553020477295007e+01,1.063749929428100671e+01,5.160000000000000142e+00,0.000000000000000000e+00
3.127534909440123467e+00,3.860032173156738367e+01,1.063749929428100671e+01,5.160000000000000142e+00,3.750000000000000000e+05
3.151691321775087040e+00,1.607227607727050867e+01,1.324987030029297075e-01,5.160000000000000142e+00,0.000000000000000000e+00
3.151803716584809845e+00,1.629706569671630945e+01,1.324987030029297075e-01,5.160000000000000142e+00,3.750000000000000000e+05
3.175960128079809763e+00,3.882511039733886804e+01,1.063749929428100671e+01,5.160000000000000142e+00,0.000000000000000000e+00
3.176072522412695331e+00,3.904989906311035242e+01,1.063749929428100671e+01,5.160000000000000142e+00,3.750000000000000000e+05
3.200228933907695250e+00,1.652185436248779382e+01,1.324987030029297075e-01,5.160000000000000142e+00,0.000000000000000000e+00
3.200341328240580818e+00,1.674664302825927820e+01,1.324987030029297075e-01,5.160000000000000142e+00,3.750000000000000000e+05
3.224497739735580737e+00,3.927468772888183679e+01,1.063749929428100671e+01,5.160000000000000142e+00,0.000000000000000000e+00
3.224610134068466305e+00,3.949947639465332117e+01,1.063749929428100671e+01,5.160000000000000142e+00,3.750000000000000000e+05
3.248766545563466224e+00,1.697143169403076257e+01,1.324987030029297075e-01,5.160000000000000142e+00,0.000000000000000000e+00
3.248878940850026265e+00,1.719622226715087976e+01,1.324987030029297075e-01,5.160000000000000142e+00,3.750000000000000000e+05
3.273035350665099319e+00,3.972426506042480554e+01,1.063749929428100671e+01,5.160000000000000142e+00,0.000000000000000000e+00
3.273147744997984887e+00,3.994905372619628992e+01,1.063749929428100671e+01,5.160000000000000142e+00,3.750000000000000000e+05
3.297304154813057941e+00,1.742101093292236413e+01,1.324987030029297075e-01,5.160000000000000142e+00,0.000000000000000000e+00
3.297416549145943510e+00,1.764579959869384851e+01,1.324987030029297075e-01,5.160000000000000142e+00,3.750000000000000000e+05
3.321572958961016564e+00,4.017384239196777429e+01,1.063749929428100671e+01,5.160000000000000142e+00,0.000000000000000000e+00
3.321685355201251078e+00,4.039863487243652429e+01,1.063749929428100671e+01,5.160000000000000142e+00,3.750000000000000000e+05
3.345841768376177860e+00,1.787058826446533288e+01,1.324987030029297075e-01,5.160000000000000142e+00,0.000000000000000000e+00
3.345954163662737901e+00,1.809537883758545007e+01,1.324987030029297075e-01,5.160000000000000142e+00,3.750000000000000000e+05
3.370110575157737820e+00,4.062342353820800867e+01,1.063749929428100671e+01,5.160000000000000142e+00,0.000000000000000000e+00
3.370222969490623388e+00,4.084821220397949304e+01,1.063749929428100671e+01,5.160000000000000142e+00,3.750000000000000000e+05
3.394379380985623307e+00,1.832016750335693445e+01,1.324987030029297075e-01,5.160000000000000142e+00,0.000000000000000000e+00
3.394491775318508875e+00,1.854495616912841882e+01,1.324987030029297075e-01,5.160000000000000142e+00,3.750000000000000000e+05
3.418648186813508794e+00,4.107300086975097742e+01,1.063749929428100671e+01,5.160000000000000142e+00,0.000000000000000000e+00
3.418760581146394362e+00,4.129778953552246179e+01,1.063749929428100671e+01,5.160000000000000142e+00,3.750000000000000000e+05
3.442916992641394280e+00,1.876974483489990320e+01,1.324987030029297075e-01,5.160000000000000142e+00,0.000000000000000000e+00
3.443029387927954321e+00,1.899453540802002038e+01,1.324987030029297075e-01,5.160000000000000142e+00,3.750000000000000000e+05
3.467185797743027376e+00,4.152257820129394617e+01,1.063749929428100671e+01,5.160000000000000142e+00,0.000000000000000000e+00
3.467298192075912944e+00,4.174736686706543054e+01,1.063749929428100671e+01,5.160000000000000142e+00,3.750000000000000000e+05
3.491454601890985998e+00,1.921932407379150476e+01,1.324987030029297075e-01,5.160000000000000142e+00,0.000000000000000000e+00
3.491566996223871566e+00,1.944411273956298913e+01,1.324987030029297075e-01,5.160000000000000142e+00,3.750000000000000000e+05
3.515723406038944621e+00,4.197215553283691492e+01,1.063749929428100671e+01,5.160000000000000142e+00,0.000000000000000000e+00
3.515835802279179134e+00,4.219694801330566492e+01,1.063749929428100671e+01,5.160000000000000142e+00,3.750000000000000000e+05
3.539992215454105917e+00,1.966890140533447351e+01,1.324987030029297075e-01,5.160000000000000142e+00,0.000000000000000000e+00
3.540104610740665958e+00,1.989369197845459070e+01,1.324987030029297075e-01,5.160000000000000142e+00,3.750000000000000000e+05
3.564261022235665877e+00,4.242173667907714929e+01,1.063749929428100671e+01,5.160000000000000142e+00,0.000000000000000000e+00
3.564373416568551445e+00,4.264652534484863367e+01,1.063749929428100671e+01,5.160000000000000142e+00,3.750000000000000000e+05
3.588529828063551363e+00,2.011848064422607507e+01,1.324987030029297075e-01,5.160000000000000142e+00,0.000000000000000000e+00
3.588642222396436932e+00,2.034326930999755945e+01,1.324987030029297075e-01,5.160000000000000142e+00,3.750000000000000000e+05
3.612798633891436850e+00,4.287131401062011804e+01,1.063749929428100671e+01,5.160000000000000142e+00,0.000000000000000000e+00
3.612911028224322418e+00,4.309610267639160242e+01,1.063749929428100671e+01,5.160000000000000142e+00,3.750000000000000000e+05
3.637067439719322337e+00,2.056805797576904382e+01,1.324987030029297075e-01,5.160000000000000142e+00,0.000000000000000000e+00
3.637179835005882378e+00,2.079284854888916101e+01,1.324987030029297075e-01,5.160000000000000142e+00,3.750000000000000000e+05
3.661336244820955432e+00,4.332089134216308679e+01,1.063749929428100671e+01,5.160000000000000142e+00,0.000000000000000000e+00
3.661448639153841000e+00,4.354568000793457117e+01,1.063749929428100671e+01,5.160000000000000142e+00,3.750000000000000000e+05
3.685605048968914055e+00,2.101763721466064538e+01,1.324987030029297075e-01,5.160000000000000142e+00,0.000000000000000000e+00
3.685717443301799623e+00,2.124242588043212976e+01,1.324987030029297075e-01,5.160000000000000142e+00,3.750000000000000000e+05
3.709873856476726406e+00,4.377047248840332117e+01,1.063749929428100671e+01,5.160000000000000142e+00,0.000000000000000000e+00
3.709986250809611974e+00,4.399526115417480554e+01,1.063749929428100671e+01,5.160000000000000142e+00,3.750000000000000000e+05
3.734142663984538757e+00,2.146721454620361413e+01,1.324987030029297075e-01,5.160000000000000142e+00,0.000000000000000000e+00
3.734255059241296415e+00,2.169200505971908655e+01,1.324987030029297075e-01,5.160000000000000142e+00,3.750000000000000000e+05
3.758411470788793896e+00,4.422004981994628992e+01,1.063749929428100671e+01,5.160000000000000142e+00,0.000000000000000000e+00
3.758523865121679464e+00,4.444483848571777429e+01,1.063749929428100671e+01,5.160000000000000142e+00,3.750000000000000000e+05
3.782680276669176944e+00,2.191679372549057092e+01,1.324987030029297075e-01,5.160000000000000142e+00,0.000000000000000000e+00
3.782792671016963926e+00,2.214158242106437768e+01,1.324987030029297075e-01,5.160000000000000142e+00,3.750000000000000000e+05
3.806949082538212625e+00,4.466962715148925867e+01,1.063749929428100671e+01,5.160000000000000142e+00,0.000000000000000000e+00
3.807034061814550174e+00,4.483750053405761804e+01,1.061095806121826257e+01,5.160000000000000142e+00,3.750000000000000000e+05
3.831129441949946646e+00,2.236637298673391427e+01,1.324987030029297075e-01,5.160000000000000142e+00,0.000000000000000000e+00
3.831241836282832214e+00,2.259116165250539865e+01,1.324987030029297075e-01,5.160000000000000142e+00,3.750000000000000000e+05
3.855096179613354046e+00,4.483750053405761804e+01,1.050613733291626062e+01,5.160000000000000142e+00,0.000000000000000000e+00
3.855148590215923488e+00,4.483750053405761804e+01,1.040131612777710046e+01,5.160000000000000142e+00,3.750000000000000000e+05
3.878761896539168141e+00,2.281595032572746362e+01,1.324987030029297075e-01,5.160000000000000142e+00,0.000000000000000000e+00
3.878874290857152740e+00,2.304073896169662561e+01,1.324987030029297075e-01,5.160000000000000142e+00,3.750000000000000000e+05
3.902246560401771980e+00,4.483750053405761804e+01,1.029649539947509851e+01,5.160000000000000142e+00,0.000000000000000000e+00
3.902298970765922803e+00,4.483750053405761804e+01,1.019167467117309656e+01,5.160000000000000142e+00,3.750000000000000000e+05
3.925430201825740983e+00,2.326552953481674280e+01,1.324987030029297075e-01,5.160000000000000142e+00,0.000000000000000000e+00
3.925542596188428934e+00,2.349031826019287195e+01,1.324987030029297075e-01,5.160000000000000142e+00,3.750000000000000000e+05
3.948432790195034237e+00,4.483750053405761804e+01,1.008685346603393640e+01,5.160000000000000142e+00,0.000000000000000000e+00
3.948485200559185060e+00,4.483750053405761804e+01,9.982032737731934446e+00,5.160000000000000142e+00,3.750000000000000000e+05
3.971134357760916167e+00,2.371510692596435632e+01,1.324987030029297075e-01,5.160000000000000142e+00,0.000000000000000000e+00
3.971246752093801735e+00,2.393989559173584070e+01,1.324987030029297075e-01,5.160000000000000142e+00,3.750000000000000000e+05
3.993654872294817526e+00,4.483750053405761804e+01,9.877211532592774290e+00,5.160000000000000142e+00,0.000000000000000000e+00
3.993707282420549731e+00,4.483750053405761804e+01,9.772391281127930540e+00,5.160000000000000142e+00,3.750000000000000000e+05
4.015874364332605140e+00,2.416468616485595788e+01,1.324987030029297075e-01,5.160000000000000142e+00,0.000000000000000000e+00
4.015986758665491152e+00,2.438947483062744226e+01,1.324987030029297075e-01,5.160000000000000142e+00,3.750000000000000000e+05
4.037912803576831244e+00,4.483750053405761804e+01,9.667570075988770384e+00,5.160000000000000142e+00,0.000000000000000000e+00
4.037965214179401130e+00,4.483750053405761804e+01,9.562748870849610228e+00,5.160000000000000142e+00,3.750000000000000000e+05
4.059650222090026794e+00,2.461426349639892663e+01,1.324987030029297075e-01,5.160000000000000142e+00,0.000000000000000000e+00
4.059762616422912807e+00,2.483905216217041101e+01,1.324987030029297075e-01,5.160000000000000142e+00,3.750000000000000000e+05
4.081206587724504509e+00,4.483750053405761804e+01,9.457928619384766478e+00,5.160000000000000142e+00,0.000000000000000000e+00
4.081258998327074394e+00,4.483750053405761804e+01,9.353107414245606321e+00,5.160000000000000142e+00,3.750000000000000000e+05
4.102461930948024360e+00,2.506384273529052820e+01,1.324987030029297075e-01,5.160000000000000142e+00,0.000000000000000000e+00
4.102574325280910372e+00,2.528863140106201257e+01,1.324987030029297075e-01,5.160000000000000142e+00,3.750000000000000000e+05
4.123536220901145022e+00,4.483750053405761804e+01,9.248286209106446165e+00,5.160000000000000142e+00,0.000000000000000000e+00
4.123588631026877671e+00,4.483750053405761804e+01,9.143465957641602415e+00,5.160000000000000142e+00,3.750000000000000000e+05
4.144309490038078359e+00,2.551342006683349695e+01,1.324987030029297075e-01,5.160000000000000142e+00,0.000000000000000000e+00
4.144421884370964371e+00,2.573820873260498132e+01,1.324987030029297075e-01,5.160000000000000142e+00,3.750000000000000000e+05
4.164901706381450630e+00,4.483750053405761804e+01,9.038644752502442259e+00,5.160000000000000142e+00,0.000000000000000000e+00
4.164954116984020516e+00,4.483750053405761804e+01,8.933823547363282103e+00,5.160000000000000142e+00,3.750000000000000000e+05
4.185192900313864151e+00,2.596299930572509851e+01,1.324987030029297075e-01,5.160000000000000142e+00,0.000000000000000000e+00
4.185305294646750163e+00,2.618778797149658288e+01,1.324987030029297075e-01,5.160000000000000142e+00,3.750000000000000000e+05
4.205303040975879370e+00,4.483750053405761804e+01,8.829002342224121946e+00,5.160000000000000142e+00,0.000000000000000000e+00
4.205355451101612019e+00,4.483750053405761804e+01,8.724182090759278196e+00,5.160000000000000142e+00,3.750000000000000000e+05
4.225112160821707263e+00,2.641257663726806726e+01,1.324987030029297075e-01,5.160000000000000142e+00,0.000000000000000000e+00
4.225224555154593276e+00,2.663736530303955163e+01,1.324987030029297075e-01,5.160000000000000142e+00,3.750000000000000000e+05
4.244740227873973204e+00,4.483750053405761804e+01,8.619360885620118040e+00,5.160000000000000142e+00,0.000000000000000000e+00
4.244792638476543090e+00,4.483750053405761804e+01,8.514539680480957884e+00,5.160000000000000142e+00,3.750000000000000000e+05
4.264067272515281282e+00,2.686215587615966882e+01,1.324987030029297075e-01,5.160000000000000142e+00,0.000000000000000000e+00
4.264179666848167294e+00,2.708694454193115320e+01,1.324987030029297075e-01,5.160000000000000142e+00,3.750000000000000000e+05
4.283213264277871524e+00,4.483750053405761804e+01,8.409719429016114134e+00,5.160000000000000142e+00,0.000000000000000000e+00
4.283265674880441409e+00,4.483750053405761804e+01,8.304898223876953978e+00,5.160000000000000142e+00,3.750000000000000000e+05
4.302058235309431211e+00,2.731173320770263757e+01,1.324987030029297075e-01,5.160000000000000142e+00,0.000000000000000000e+00
4.302170629642317223e+00,2.753652187347412195e+01,1.324987030029297075e-01,5.160000000000000142e+00,3.750000000000000000e+05
4.320722153070591709e+00,4.483750053405761804e+01,8.200077018737793821e+00,5.160000000000000142e+00,0.000000000000000000e+00
4.320774563196324358e+00,4.483750053405761804e+01,8.095256767272950071e+00,5.160000000000000142e+00,3.750000000000000000e+05
4.339085048335638461e+00,2.776131244659423913e+01,1.324987030029297075e-01,5.160000000000000142e+00,0.000000000000000000e+00
4.339197442668524474e+00,2.798610111236572351e+01,1.324987030029297075e-01,5.160000000000000142e+00,3.750000000000000000e+05
4.357266890807123261e+00,4.483750053405761804e+01,7.990435562133789027e+00,5.160000000000000142e+00,0.000000000000000000e+00
4.357319301409693146e+00,4.483750053405761804e+01,7.885614356994628871e+00,5.160000000000000142e+00,3.750000000000000000e+05
4.375147712547577505e+00,2.821088977813720788e+01,1.324987030029297075e-01,5.160000000000000142e+00,0.000000000000000000e+00
4.375260106880463518e+00,2.843567844390869226e+01,1.324987030029297075e-01,5.160000000000000142e+00,3.750000000000000000e+05
4.392847481409313914e+00,4.483750053405761804e+01,7.780794105529785121e+00,5.160000000000000142e+00,0.000000000000000000e+00
4.392899892011883800e+00,4.483750053405761804e+01,7.675972900390624964e+00,5.160000000000000142e+00,3.750000000000000000e+05
4.410246227860092461e+00,2.866046901702880945e+01,1.324987030029297075e-01,5.160000000000000142e+00,0.000000000000000000e+00
4.410358622192978473e+00,2.888525768280029382e+01,1.324987030029297075e-01,5.160000000000000142e+00,3.750000000000000000e+05
4.427463921040471817e+00,4.483750053405761804e+01,7.571151695251464808e+00,5.160000000000000142e+00,0.000000000000000000e+00
4.427516331166204466e+00,4.483750053405761804e+01,7.466331443786621058e+00,5.160000000000000142e+00,3.750000000000000000e+05
4.444380593404663848e+00,2.911004634857177820e+01,1.324987030029297075e-01,5.160000000000000142e+00,0.000000000000000000e+00
4.444492987737549861e+00,2.933483501434326257e+01,1.324987030029297075e-01,5.160000000000000142e+00,3.750000000000000000e+05
4.461116212975294815e+00,4.483750053405761804e+01,7.361510238647460902e+00,5.160000000000000142e+00,0.000000000000000000e+00
4.461168623577864700e+00,4.483750053405761804e+01,7.256689033508300746e+00,5.160000000000000142e+00,3.750000000000000000e+05
4.477550810134967030e+00,2.955962558746337976e+01,1.324987030029297075e-01,5.160000000000000142e+00,0.000000000000000000e+00
4.477663204467853042e+00,2.978441425323486413e+01,1.324987030029297075e-01,5.160000000000000142e+00,3.750000000000000000e+05
4.493804354024240943e+00,4.483750053405761804e+01,7.151867828369140589e+00,5.160000000000000142e+00,0.000000000000000000e+00
4.493856764149973593e+00,4.483750053405761804e+01,7.047047576904296839e+00,5.160000000000000142e+00,3.750000000000000000e+05
4.509756877097327532e+00,3.000920291900634851e+01,1.324987030029297075e-01,5.160000000000000142e+00,0.000000000000000000e+00
4.509869271430213544e+00,3.023399158477783288e+01,1.324987030029297075e-01,5.160000000000000142e+00,3.750000000000000000e+05
4.525528347376852167e+00,4.483750053405761804e+01,6.942226371765136683e+00,5.160000000000000142e+00,0.000000000000000000e+00
4.525580757979422053e+00,4.483750053405761804e+01,6.837405166625976527e+00,5.160000000000000142e+00,3.750000000000000000e+05
4.540998795245418940e+00,3.045878215789795007e+01,1.324987030029297075e-01,5.160000000000000142e+00,0.000000000000000000e+00
4.541111189578304952e+00,3.068357082366943445e+01,1.324987030029297075e-01,5.160000000000000142e+00,3.750000000000000000e+05
4.556288190235267876e+00,4.483750053405761804e+01,6.732584915161132777e+00,5.160000000000000142e+00,0.000000000000000000e+00
4.556340600837837762e+00,4.483750053405761804e+01,6.627763710021972621e+00,5.160000000000000142e+00,3.750000000000000000e+05
4.571276564494086259e+00,3.090835948944091882e+01,1.324987030029297075e-01,5.160000000000000142e+00,0.000000000000000000e+00
4.571388958826972271e+00,3.113314815521240320e+01,1.324987030029297075e-01,5.160000000000000142e+00,3.750000000000000000e+05
4.586083885482505451e+00,4.483750053405761804e+01,6.522942504882812464e+00,5.160000000000000142e+00,0.000000000000000000e+00
4.586136295608238100e+00,4.483750053405761804e+01,6.418122253417968714e+00,5.160000000000000142e+00,3.750000000000000000e+05
4.600590183974810898e+00,3.135793872833252038e+01,1.324987030029297075e-01,5.160000000000000142e+00,0.000000000000000000e+00
4.600702578307696911e+00,3.158272739410400476e+01,1.324987030029297075e-01,5.160000000000000142e+00,3.750000000000000000e+05
4.614915429673554392e+00,4.483750053405761804e+01,6.313301048278808558e+00,5.160000000000000142e+00,0.000000000000000000e+00
4.614967840276124278e+00,4.483750053405761804e+01,6.208479843139648402e+00,5.160000000000000142e+00,3.750000000000000000e+05
4.628939654641267332e+00,3.180751605987548913e+01,1.324987030029297075e-01,5.160000000000000142e+00,0.000000000000000000e+00
4.629052048974153344e+00,3.203230472564697351e+01,1.324987030029297075e-01,5.160000000000000142e+00,3.750000000000000000e+05
4.642782826730262435e+00,4.483750053405761804e+01,6.103659591674804652e+00,5.160000000000000142e+00,0.000000000000000000e+00
4.642835237332832321e+00,4.483750053405761804e+01,5.998838386535644496e+00,5.160000000000000142e+00,3.750000000000000000e+05
4.656324976408299676e+00,3.225709529876709070e+01,1.324987030029297075e-01,5.160000000000000142e+00,0.000000000000000000e+00
4.656437370741185688e+00,3.248188396453857507e+01,1.324987030029297075e-01,5.160000000000000142e+00,3.750000000000000000e+05
4.669686072815937727e+00,4.483750053405761804e+01,5.894017181396484339e+00,5.160000000000000142e+00,0.000000000000000000e+00
4.669738483418507613e+00,4.483750053405761804e+01,5.789195976257324183e+00,5.160000000000000142e+00,3.750000000000000000e+05
4.682746148492544336e+00,3.270667263031005945e+01,1.324987030029297075e-01,5.160000000000000142e+00,0.000000000000000000e+00
4.682858542825430348e+00,3.293146129608154382e+01,1.324987030029297075e-01,5.160000000000000142e+00,3.750000000000000000e+05
4.695625171290433997e+00,4.483750053405761804e+01,5.684375724792480433e+00,5.160000000000000142e+00,0.000000000000000000e+00
4.695677581893003882e+00,4.483750053405761804e+01,5.579554519653320277e+00,5.160000000000000142e+00,3.750000000000000000e+05
4.708203173357292215e+00,3.315624996185302820e+01,1.324987030029297075e-01,5.160000000000000142e+00,0.000000000000000000e+00
4.708315567690178227e+00,3.338103862762451257e+01,1.324987030029297075e-01,5.160000000000000142e+00,3.750000000000000000e+05
4.720600122153751244e+00,4.483750053405761804e+01,5.474733314514160121e+00,5.160000000000000142e+00,0.000000000000000000e+00
4.720652532279483893e+00,4.483750053405761804e+01,5.369913063049316371e+00,5.160000000000000142e+00,3.750000000000000000e+05
4.732696046774169218e+00,3.360583110809326257e+01,1.324987030029297075e-01,5.160000000000000142e+00,0.000000000000000000e+00
4.732808441107055231e+00,3.383061977386474695e+01,1.324987030029297075e-01,5.160000000000000142e+00,3.750000000000000000e+05
4.744610918601026128e+00,4.483750053405761804e+01,5.265091857910156214e+00,5.160000000000000142e+00,0.000000000000000000e+00
4.744663329203596014e+00,4.483750053405761804e+01,5.160270652770996058e+00,5.160000000000000142e+00,3.750000000000000000e+05
4.756224769696851595e+00,3.405540843963623132e+01,1.324987030029297075e-01,5.160000000000000142e+00,0.000000000000000000e+00
4.756337164029737608e+00,3.428019710540771570e+01,1.324987030029297075e-01,5.160000000000000142e+00,3.750000000000000000e+05
4.767657567913959227e+00,4.483750053405761804e+01,5.055450401306152308e+00,5.160000000000000142e+00,0.000000000000000000e+00
4.767709978516529112e+00,4.483750053405761804e+01,4.950629196166992152e+00,5.160000000000000142e+00,3.750000000000000000e+05
4.778789345400036304e+00,3.450498577117920007e+01,1.324987030029297075e-01,5.160000000000000142e+00,0.000000000000000000e+00
4.778901739732922316e+00,3.472977443695068445e+01,1.324987030029297075e-01,5.160000000000000142e+00,3.750000000000000000e+05
4.789740069615714191e+00,4.483750053405761804e+01,4.845807991027831996e+00,5.160000000000000142e+00,0.000000000000000000e+00
4.789792479741446840e+00,4.483750053405761804e+01,4.740987739562988246e+00,5.160000000000000142e+00,3.750000000000000000e+05
4.800389773015205641e+00,3.495456310272216882e+01,1.324987030029297075e-01,5.160000000000000142e+00,0.000000000000000000e+00
4.800502167348091653e+00,3.517935176849365320e+01,1.324987030029297075e-01,5.160000000000000142e+00,3.750000000000000000e+05
4.810858423621135138e+00,4.483750053405761804e+01,4.636166534423828089e+00,5.160000000000000142e+00,0.000000000000000000e+00
4.810910834223705024e+00,4.483750053405761804e+01,4.531345329284667933e+00,5.160000000000000142e+00,3.750000000000000000e+05
4.821026050136179464e+00,3.540414424896240320e+01,1.324987030029297075e-01,5.160000000000000142e+00,0.000000000000000000e+00
4.821138444469065476e+00,3.562893291473388757e+01,1.324987030029297075e-01,5.160000000000000142e+00,3.750000000000000000e+05
4.831012623772505954e+00,4.483750053405761804e+01,4.426525077819824183e+00,5.160000000000000142e+00,0.000000000000000000e+00
4.831065034375075840e+00,4.483750053405761804e+01,4.321703872680664027e+00,5.160000000000000142e+00,3.750000000000000000e+05
4.840698176677801889e+00,3.585372158050537195e+01,1.324987030029297075e-01,5.160000000000000142e+00,0.000000000000000000e+00
4.840810571010687902e+00,3.607851024627685632e+01,1.324987030029297075e-01,5.160000000000000142e+00,3.750000000000000000e+05
4.850202676312698635e+00,4.483750053405761804e+01,4.216882667541503871e+00,5.160000000000000142e+00,0.000000000000000000e+00
4.850255086438431285e+00,4.483750053405761804e+01,4.112062416076660121e+00,5.160000000000000142e+00,3.750000000000000000e+05
4.859406155131408056e+00,3.630329891204834070e+01,1.324987030029297075e-01,5.160000000000000142e+00,0.000000000000000000e+00
4.859518549464294068e+00,3.652808757781982507e+01,1.324987030029297075e-01,5.160000000000000142e+00,3.750000000000000000e+05
4.868428581156556412e+00,4.483750053405761804e+01,4.007241210937499964e+00,5.160000000000000142e+00,0.000000000000000000e+00
4.868480991759126297e+00,4.483750053405761804e+01,3.902420005798339808e+00,5.160000000000000142e+00,3.750000000000000000e+05
4.877149986450673325e+00,3.675287624359130945e+01,1.324987030029297075e-01,5.160000000000000142e+00,0.000000000000000000e+00
4.877262382690907394e+00,3.697766872406005945e+01,1.324987030029297075e-01,5.160000000000000142e+00,3.750000000000000000e+05
4.885690337413566731e+00,4.483750053405761804e+01,3.797599754333496058e+00,5.160000000000000142e+00,0.000000000000000000e+00
4.885742748016136616e+00,4.483750053405761804e+01,3.692778549194335902e+00,5.160000000000000142e+00,3.750000000000000000e+05
4.893929665738080637e+00,3.720245738983154382e+01,1.324987030029297075e-01,5.160000000000000142e+00,0.000000000000000000e+00
4.894042060070966649e+00,3.742724605560302820e+01,1.324987030029297075e-01,5.160000000000000142e+00,3.750000000000000000e+05
4.901987940792196241e+00,4.483750053405761804e+01,3.587957344055175746e+00,5.160000000000000142e+00,0.000000000000000000e+00
4.902040351394766127e+00,4.483750053405761804e+01,3.483136138916015589e+00,5.160000000000000142e+00,3.750000000000000000e+05
4.909745195115280403e+00,3.765203472137451257e+01,1.324987030029297075e-01,5.160000000000000142e+00,0.000000000000000000e+00
4.909857589448166415e+00,3.787682338714599695e+01,1.324987030029297075e-01,5.160000000000000142e+00,3.750000000000000000e+05
4.917321396559646729e+00,4.483750053405761804e+01,3.378315887451171839e+00,5.160000000000000142e+00,0.000000000000000000e+00
4.917373807162216615e+00,4.483750053405761804e+01,3.273494682312011683e+00,5.160000000000000142e+00,3.750000000000000000e+05
4.924596577272982501e+00,3.810161205291748132e+01,1.324987030029297075e-01,5.160000000000000142e+00,0.000000000000000000e+00
4.924708971605868513e+00,3.832640071868896570e+01,1.324987030029297075e-01,5.160000000000000142e+00,3.750000000000000000e+05
4.931690704715919082e+00,4.483750053405761804e+01,3.168673477172851527e+00,5.160000000000000142e+00,0.000000000000000000e+00
4.931743114841651732e+00,4.483750053405761804e+01,3.063853225708007777e+00,5.160000000000000142e+00,3.750000000000000000e+05
4.938483812182631993e+00,3.855118843078613367e+01,1.324987030029297075e-01,5.160000000000000142e+00,0.000000000000000000e+00
4.938596208422866063e+00,3.877598091125488367e+01,1.324987030029297075e-01,5.160000000000000142e+00,3.750000000000000000e+05
4.945095865403277280e+00,4.483750053405761804e+01,2.959032020568847621e+00,5.160000000000000142e+00,0.000000000000000000e+00
4.945148276005847165e+00,4.483750053405761804e+01,2.854210815429687464e+00,5.160000000000000142e+00,3.750000000000000000e+05
4.951406895985543954e+00,3.900076957702636804e+01,1.324987030029297075e-01,5.160000000000000142e+00,0.000000000000000000e+00
4.951519290318429967e+00,3.922555824279785242e+01,1.324987030029297075e-01,5.160000000000000142e+00,3.750000000000000000e+05
4.957536873689092793e+00,4.483750053405761804e+01,2.749390563964843714e+00,5.160000000000000142e+00,0.000000000000000000e+00
4.957589284291662679e+00,4.483750053405761804e+01,2.644569358825683558e+00,5.160000000000000142e+00,3.750000000000000000e+05
4.963365830661610190e+00,3.945034690856933679e+01,1.324987030029297075e-01,5.160000000000000142e+00,0.000000000000000000e+00
4.963478224994496202e+00,3.967513557434082117e+01,1.324987030029297075e-01,5.160000000000000142e+00,3.750000000000000000e+05
4.969013734755410638e+00,4.483750053405761804e+01,2.539749107360839808e+00,5.160000000000000142e+00,0.000000000000000000e+00
4.969066145357980524e+00,4.483750053405761804e+01,2.434927902221679652e+00,5.160000000000000142e+00,3.750000000000000000e+05
4.974360618118179644e+00,3.989992424011230554e+01,1.324987030029297075e-01,5.160000000000000142e+00,0.000000000000000000e+00
4.974473012451065657e+00,4.012471290588378992e+01,1.324987030029297075e-01,5.160000000000000142e+00,3.750000000000000000e+05
4.979526448210550349e+00,4.483750053405761804e+01,2.330106697082519496e+00,5.160000000000000142e+00,0.000000000000000000e+00
4.979578858336282998e+00,4.483750053405761804e+01,2.225286445617675746e+00,5.160000000000000142e+00,3.750000000000000000e+05
4.984391257486733728e+00,4.034950157165527429e+01,1.324987030029297075e-01,5.160000000000000142e+00,0.000000000000000000e+00
4.984503653726967798e+00,4.057429405212402429e+01,1.324987030029297075e-01,5.160000000000000142e+00,3.750000000000000000e+05
4.989075012516849483e+00,4.483750053405761804e+01,2.120465240478515589e+00,5.160000000000000142e+00,0.000000000000000000e+00
4.989127423119419369e+00,4.483750053405761804e+01,2.015644035339355433e+00,5.160000000000000142e+00,3.750000000000000000e+05
4.993457744908585738e+00,4.079908271789550867e+01,1.324987030029297075e-01,5.160000000000000142e+00,0.000000000000000000e+00
4.993570139241471750e+00,4.102387138366699304e+01,1.324987030029297075e-01,5.160000000000000142e+00,3.750000000000000000e+05
4.997659424029923692e+00,4.483750053405761804e+01,1.910822830200195277e+00,5.160000000000000142e+00,0.000000000000000000e+00
4.997711834155656341e+00,4.483750053405761804e+01,1.806002578735351527e+00,5.160000000000000142e+00,3.750000000000000000e+05
5.001560082335074320e+00,4.124866004943847742e+01,1.324987030029297075e-01,5.160000000000000142e+00,0.000000000000000000e+00
5.001672476667960332e+00,4.147344871520996179e+01,1.324987030029297075e-01,5.160000000000000142e+00,3.750000000000000000e+05
5.005279687454981641e+00,4.483750053405761804e+01,1.701180419921874964e+00,5.160000000000000142e+00,0.000000000000000000e+00
5.005332097580714290e+00,4.483750053405761804e+01,1.596360168457031214e+00,5.160000000000000142e+00,3.750000000000000000e+05
5.008698271758702525e+00,4.169823738098144617e+01,1.324987030029297075e-01,5.160000000000000142e+00,0.000000000000000000e+00
5.008810666091588537e+00,4.192302604675293054e+01,1.324987030029297075e-01,5.160000000000000142e+00,3.750000000000000000e+05
5.011935803660542810e+00,4.483750053405761804e+01,1.491539916992187464e+00,5.160000000000000142e+00,0.000000000000000000e+00
5.011988214739949932e+00,4.483750053405761804e+01,1.386717758178710902e+00,5.160000000000000142e+00,3.750000000000000000e+05
5.014872314916508422e+00,4.214781471252441492e+01,1.324987030029297075e-01,5.160000000000000142e+00,0.000000000000000000e+00
5.014984711156742492e+00,4.237260719299316492e+01,1.324987030029297075e-01,5.160000000000000142e+00,3.750000000000000000e+05
5.017627771364412403e+00,4.483750053405761804e+01,1.281897506713867152e+00,5.160000000000000142e+00,0.000000000000000000e+00
5.017680181490145053e+00,4.483750053405761804e+01,1.177077255249023402e+00,5.160000000000000142e+00,3.750000000000000000e+05
5.020082205088781890e+00,4.259739585876464929e+01,1.324987030029297075e-01,5.160000000000000142e+00,0.000000000000000000e+00
5.020194599421667903e+00,4.282218452453613367e+01,1.324987030029297075e-01,5.160000000000000142e+00,3.750000000000000000e+05
5.022355585627908070e+00,4.483750053405761804e+01,1.072255096435546839e+00,5.160000000000000142e+00,0.000000000000000000e+00
5.022407995753640719e+00,4.483750053405761804e+01,9.674348449707030895e-01,5.160000000000000142e+00,3.750000000000000000e+05
5.024327945350846925e+00,4.304697319030761804e+01,1.324987030029297075e-01,5.160000000000000142e+00,0.000000000000000000e+00
5.024440339683732937e+00,4.327176185607910242e+01,1.324987030029297075e-01,5.160000000000000142e+00,3.750000000000000000e+05
5.026119252671906068e+00,4.483750053405761804e+01,8.626145935058593395e-01,5.160000000000000142e+00,0.000000000000000000e+00
5.026171663751313190e+00,4.483750053405761804e+01,7.577924346923827770e-01,5.160000000000000142e+00,3.750000000000000000e+05
5.027609539347090539e+00,4.349655052185058679e+01,1.324987030029297075e-01,5.160000000000000142e+00,0.000000000000000000e+00
5.027721933679976551e+00,4.372133918762207117e+01,1.324987030029297075e-01,5.160000000000000142e+00,3.750000000000000000e+05
5.028918772666719939e+00,4.483750053405761804e+01,6.529721832275390270e-01,5.160000000000000142e+00,0.000000000000000000e+00
5.028971182792452588e+00,4.483750053405761804e+01,5.481519317626952770e-01,5.160000000000000142e+00,3.750000000000000000e+05
5.029926985170162013e+00,4.394612785339355554e+01,1.324987030029297075e-01,5.160000000000000142e+00,0.000000000000000000e+00
5.030039381410396082e+00,4.417092033386230554e+01,1.324987030029297075e-01,5.160000000000000142e+00,3.750000000000000000e+05
5.030754143035855108e+00,4.483750053405761804e+01,4.433297729492187700e-01,5.160000000000000142e+00,0.000000000000000000e+00
5.030806553161587757e+00,4.483750053405761804e+01,3.385095214843750200e-01,5.160000000000000142e+00,3.750000000000000000e+05
5.031280278178012821e+00,4.439570899963378992e+01,1.324987030029297075e-01,5.160000000000000142e+00,0.000000000000000000e+00
5.031392672510898834e+00,4.462049766540527429e+01,1.324987030029297075e-01,5.160000000000000142e+00,3.750000000000000000e+05
5.031625360918290824e+00,4.483750053405761804e+01,2.336892700195312700e-01,5.160000000000000142e+00,0.000000000000000000e+00
5.031723699661747595e+00,4.483750053405761804e+01,1.324987030029297075e-01,5.160000000000000142e+00,3.750000000000000000e+05
5.041932640955506528e+00,4.483750053405761804e+01,1.063749929428100671e+01,5.160000000000000142e+00,3.750000000000000000e+05
5.085377735057600823e+00,1.324987030029297075e-01,1.063749929428100671e+01,5.160000000000000142e+00,3.750000000000000000e+05
5.095586676351359756e+00,1.324987030029297075e-01,1.324987030029297075e-01,5.160000000000000142e+00,3.750000000000000000e+05
5.117939177266887185e+00,4.483750053405761804e+01,1.324987030029297075e-01,5.160000000000000142e+00,0.000000000000000000e+00
5.161430455926520722e+00,8.500000000000000611e-02,8.500000000000000611e-02,5.160000000000000142e+00,3.750000000000000000e+05
5.171731718732930361e+00,8.500000000000000611e-02,1.068499942779541101e+01,5.160000000000000142e+00,3.750000000000000000e+05
5.215269132957478959e+00,4.488499923706054773e+01,1.068499942779541101e+01,5.160000000000000142e+00,3.750000000000000000e+05
5.225570395763888598e+00,4.488499923706054773e+01,8.500000000000000611e-02,5.160000000000000142e+00,3.750000000000000000e+05
5.247970395382418829e+00,8.500000000000000611e-02,8.500000000000000611e-02,5.160000000000000142e+00,0.000000000000000000e+00
