2.000000000000000111e-01,1.424987030029296886e-01,1.061999914169311587e+01,5.459999999999999964e+00,0.000000000000000000e+00
2.387727682836554288e-01,4.484750053405761605e+01,1.061999914169311587e+01,5.459999999999999964e+00,0.000000000000000000e+00
2.387917682416937637e-01,4.484750053405761605e+01,1.052499935150146548e+01,5.459999999999999964e+00,3.200000000000000000e+05
2.775645365253491814e-01,1.424987030029296886e-01,1.052499935150146548e+01,5.459999999999999964e+00,0.000000000000000000e+00
2.775835365787549525e-01,1.424987030029296886e-01,1.042999908447265689e+01,5.459999999999999964e+00,3.200000000000000000e+05
3.163563048624103424e-01,4.484750053405761605e+01,1.042999908447265689e+01,5.459999999999999964e+00,0.000000000000000000e+00
3.163753048204486773e-01,4.484750053405761605e+01,1.033499929428100650e+01,5.459999999999999964e+00,3.200000000000000000e+05
3.551480731041040673e-01,1.424987030029296886e-01,1.033499929428100650e+01,5.459999999999999964e+00,0.000000000000000000e+00
3.551670731575098383e-01,1.424987030029296886e-01,1.023999902725219791e+01,5.459999999999999964e+00,3.200000000000000000e+05
3.939398414411652283e-01,4.484750053405761605e+01,1.023999902725219791e+01,5.459999999999999964e+00,0.000000000000000000e+00
3.939588413992035631e-01,4.484750053405761605e+01,1.014499923706054751e+01,5.459999999999999964e+00,3.200000000000000000e+05
4.327316096828589531e-01,1.424987030029296886e-01,1.014499923706054751e+01,5.459999999999999964e+00,0.000000000000000000e+00
4.327506096408972880e-01,1.424987030029296886e-01,1.004999944686889712e+01,5.459999999999999964e+00,3.200000000000000000e+05
4.715233779245526780e-01,4.484750053405761605e+01,1.004999944686889712e+01,5.459999999999999964e+00,0.000000000000000000e+00
4.715423779779584490e-01,4.484750053405761605e+01,9.954999179840088530e+00,5.459999999999999964e+00,3.200000000000000000e+05
5.103151462616138945e-01,1.424987030029296886e-01,9.954999179840088530e+00,5.459999999999999964e+00,0.000000000000000000e+00
5.103341462196522293e-01,1.424987030029296886e-01,9.859999389648438139e+00,5.459999999999999964e+00,3.200000000000000000e+05
5.491069145033076193e-01,4.484750053405761605e+01,9.859999389648438139e+00,5.459999999999999964e+00,0.000000000000000000e+00
5.491259145567133348e-01,4.484750053405761605e+01,9.764999122619629546e+00,5.459999999999999964e+00,3.200000000000000000e+05
5.878986828403687248e-01,1.424987030029296886e-01,9.764999122619629546e+00,5.459999999999999964e+00,0.000000000000000000e+00
5.879176828937744403e-01,1.424987030029296886e-01,9.669998855590820952e+00,5.459999999999999964e+00,3.200000000000000000e+05
6.266904511774298303e-01,4.484750053405761605e+01,9.669998855590820952e+00,5.459999999999999964e+00,0.000000000000000000e+00
6.267094510401006735e-01,4.484750053405761605e+01,9.574999542236328764e+00,5.459999999999999964e+00,3.200000000000000000e+05
6.654822193237560635e-01,1.424987030029296886e-01,9.574999542236328764e+00,5.459999999999999964e+00,0.000000000000000000e+00
6.655012193771617790e-01,1.424987030029296886e-01,9.479999275207520171e+00,5.459999999999999964e+00,3.200000000000000000e+05
7.042739876608171690e-01,4.484750053405761605e+01,9.479999275207520171e+00,5.459999999999999964e+00,0.000000000000000000e+00
7.042929877142228845e-01,4.484750053405761605e+01,9.384999008178711577e+00,5.459999999999999964e+00,3.200000000000000000e+05
7.430657559978782745e-01,1.424987030029296886e-01,9.384999008178711577e+00,5.459999999999999964e+00,0.000000000000000000e+00
7.430847560512839900e-01,1.424987030029296886e-01,9.289998741149902983e+00,5.459999999999999964e+00,3.200000000000000000e+05
7.818575243349393800e-01,4.484750053405761605e+01,9.289998741149902983e+00,5.459999999999999964e+00,0.000000000000000000e+00
7.818765241976102232e-01,4.484750053405761605e+01,9.194999427795410796e+00,5.459999999999999964e+00,3.200000000000000000e+05
8.206492924812656131e-01,1.424987030029296886e-01,9.194999427795410796e+00,5.459999999999999964e+00,0.000000000000000000e+00
8.206682925346713287e-01,1.424987030029296886e-01,9.099999160766602202e+00,5.459999999999999964e+00,3.200000000000000000e+05
8.594410608183267186e-01,4.484750053405761605e+01,9.099999160766602202e+00,5.459999999999999964e+00,0.000000000000000000e+00
8.594600608717324342e-01,4.484750053405761605e+01,9.004998893737793608e+00,5.459999999999999964e+00,3.200000000000000000e+05
8.982328291553878241e-01,1.424987030029296886e-01,9.004998893737793608e+00,5.459999999999999964e+00,0.000000000000000000e+00
8.982518290180586673e-01,1.424987030029296886e-01,8.909999580383301421e+00,5.459999999999999964e+00,3.200000000000000000e+05
9.370245973017140573e-01,4.484750053405761605e+01,8.909999580383301421e+00,5.459999999999999964e+00,0.000000000000000000e+00
9.370435973551197728e-01,4.484750053405761605e+01,8.814999313354492827e+00,5.459999999999999964e+00,3.200000000000000000e+05
9.758163656387751628e-01,1.424987030029296886e-01,8.814999313354492827e+00,5.459999999999999964e+00,0.000000000000000000e+00
9.758353656921808783e-01,1.424987030029296886e-01,8.719999046325684233e+00,5.459999999999999964e+00,3.200000000000000000e+05
1.014608133975836379e+00,4.484750053405761605e+01,8.719999046325684233e+00,5.459999999999999964e+00,0.000000000000000000e+00
1.014627134029242095e+00,4.484750053405761605e+01,8.624998779296875639e+00,5.459999999999999964e+00,3.200000000000000000e+05
1.053399902312897485e+00,1.424987030029296886e-01,8.624998779296875639e+00,5.459999999999999964e+00,0.000000000000000000e+00
1.053418902175568439e+00,1.424987030029296886e-01,8.529999465942383452e+00,5.459999999999999964e+00,3.200000000000000000e+05
1.092191670459223829e+00,4.484750053405761605e+01,8.529999465942383452e+00,5.459999999999999964e+00,0.000000000000000000e+00
1.092210670512629545e+00,4.484750053405761605e+01,8.434999198913574858e+00,5.459999999999999964e+00,3.200000000000000000e+05
1.130983438796284934e+00,1.424987030029296886e-01,8.434999198913574858e+00,5.459999999999999964e+00,0.000000000000000000e+00
1.131002438849690650e+00,1.424987030029296886e-01,8.339998931884766264e+00,5.459999999999999964e+00,3.200000000000000000e+05
1.169775207133346040e+00,4.484750053405761605e+01,8.339998931884766264e+00,5.459999999999999964e+00,0.000000000000000000e+00
1.169794206996016994e+00,4.484750053405761605e+01,8.244999618530274077e+00,5.459999999999999964e+00,3.200000000000000000e+05
1.208566975279672384e+00,1.424987030029296886e-01,8.244999618530274077e+00,5.459999999999999964e+00,0.000000000000000000e+00
1.208585975333078100e+00,1.424987030029296886e-01,8.149999351501465483e+00,5.459999999999999964e+00,3.200000000000000000e+05
1.247358743616733490e+00,4.484750053405761605e+01,8.149999351501465483e+00,5.459999999999999964e+00,0.000000000000000000e+00
1.247377743670139205e+00,4.484750053405761605e+01,8.054999084472656889e+00,5.459999999999999964e+00,3.200000000000000000e+05
1.286150511953794595e+00,1.424987030029296886e-01,8.054999084472656889e+00,5.459999999999999964e+00,0.000000000000000000e+00
1.286169512007200311e+00,1.424987030029296886e-01,7.959998817443847408e+00,5.459999999999999964e+00,3.200000000000000000e+05
1.324942280290855701e+00,4.484750053405761605e+01,7.959998817443847408e+00,5.459999999999999964e+00,0.000000000000000000e+00
1.324961280153526655e+00,4.484750053405761605e+01,7.864999504089355220e+00,5.459999999999999964e+00,3.200000000000000000e+05
1.363734048437182045e+00,1.424987030029296886e-01,7.864999504089355220e+00,5.459999999999999964e+00,0.000000000000000000e+00
1.363753048490587760e+00,1.424987030029296886e-01,7.769999237060546626e+00,5.459999999999999964e+00,3.200000000000000000e+05
1.402525816774243150e+00,4.484750053405761605e+01,7.769999237060546626e+00,5.459999999999999964e+00,0.000000000000000000e+00
1.402544816827648866e+00,4.484750053405761605e+01,7.674998970031738033e+00,5.459999999999999964e+00,3.200000000000000000e+05
1.441317585111304256e+00,1.424987030029296886e-01,7.674998970031738033e+00,5.459999999999999964e+00,0.000000000000000000e+00
1.441336584973975210e+00,1.424987030029296886e-01,7.579999656677245845e+00,5.459999999999999964e+00,3.200000000000000000e+05
1.480109353257630600e+00,4.484750053405761605e+01,7.579999656677245845e+00,5.459999999999999964e+00,0.000000000000000000e+00
1.480128353311036316e+00,4.484750053405761605e+01,7.484999389648437251e+00,5.459999999999999964e+00,3.200000000000000000e+05
1.518901121594691705e+00,1.424987030029296886e-01,7.484999389648437251e+00,5.459999999999999964e+00,0.000000000000000000e+00
1.518920121648097421e+00,1.424987030029296886e-01,7.389999122619628658e+00,5.459999999999999964e+00,3.200000000000000000e+05
1.557692889931752811e+00,4.484750053405761605e+01,7.389999122619628658e+00,5.459999999999999964e+00,0.000000000000000000e+00
1.557711889985158527e+00,4.484750053405761605e+01,7.294998855590820064e+00,5.459999999999999964e+00,3.200000000000000000e+05
1.596484658268813916e+00,1.424987030029296886e-01,7.294998855590820064e+00,5.459999999999999964e+00,0.000000000000000000e+00
1.596503658131484871e+00,1.424987030029296886e-01,7.199999542236327876e+00,5.459999999999999964e+00,3.200000000000000000e+05
1.635276426415140261e+00,4.484750053405761605e+01,7.199999542236327876e+00,5.459999999999999964e+00,0.000000000000000000e+00
1.635295426468545976e+00,4.484750053405761605e+01,7.104999275207519283e+00,5.459999999999999964e+00,3.200000000000000000e+05
1.674068194752201366e+00,1.424987030029296886e-01,7.104999275207519283e+00,5.459999999999999964e+00,0.000000000000000000e+00
1.674087194805607082e+00,1.424987030029296886e-01,7.009999008178710689e+00,5.459999999999999964e+00,3.200000000000000000e+05
1.712859963089262472e+00,4.484750053405761605e+01,7.009999008178710689e+00,5.459999999999999964e+00,0.000000000000000000e+00
1.712878962951933426e+00,4.484750053405761605e+01,6.914999694824218501e+00,5.459999999999999964e+00,3.200000000000000000e+05
1.751651731235588816e+00,1.424987030029296886e-01,6.914999694824218501e+00,5.459999999999999964e+00,0.000000000000000000e+00
1.751670731288994531e+00,1.424987030029296886e-01,6.819999427795409908e+00,5.459999999999999964e+00,3.200000000000000000e+05
1.790443499572649921e+00,4.484750053405761605e+01,6.819999427795409908e+00,5.459999999999999964e+00,0.000000000000000000e+00
1.790462499626055637e+00,4.484750053405761605e+01,6.724999160766601314e+00,5.459999999999999964e+00,3.200000000000000000e+05
1.829235267909711027e+00,1.424987030029296886e-01,6.724999160766601314e+00,5.459999999999999964e+00,0.000000000000000000e+00
1.829254267963116742e+00,1.424987030029296886e-01,6.629998893737792720e+00,5.459999999999999964e+00,3.200000000000000000e+05
1.868027036246772132e+00,4.484750053405761605e+01,6.629998893737792720e+00,5.459999999999999964e+00,0.000000000000000000e+00
1.868046036109443087e+00,4.484750053405761605e+01,6.534999580383300533e+00,5.459999999999999964e+00,3.200000000000000000e+05
1.906818804393098477e+00,1.424987030029296886e-01,6.534999580383300533e+00,5.459999999999999964e+00,0.000000000000000000e+00
1.906837804446504192e+00,1.424987030029296886e-01,6.439999313354491939e+00,5.459999999999999964e+00,3.200000000000000000e+05
1.945610572730159582e+00,4.484750053405761605e+01,6.439999313354491939e+00,5.459999999999999964e+00,0.000000000000000000e+00
1.945629572783565298e+00,4.484750053405761605e+01,6.344999046325683345e+00,5.459999999999999964e+00,3.200000000000000000e+05
1.984402341067220688e+00,1.424987030029296886e-01,6.344999046325683345e+00,5.459999999999999964e+00,0.000000000000000000e+00
1.984421340929891642e+00,1.424987030029296886e-01,6.249999732971191158e+00,5.459999999999999964e+00,3.200000000000000000e+05
2.023194109213547254e+00,4.484750053405761605e+01,6.249999732971191158e+00,5.459999999999999964e+00,0.000000000000000000e+00
2.023213109266952969e+00,4.484750053405761605e+01,6.154999465942382564e+00,5.459999999999999964e+00,3.200000000000000000e+05
2.061985877550608581e+00,1.424987030029296886e-01,6.154999465942382564e+00,5.459999999999999964e+00,0.000000000000000000e+00
2.062004877604014297e+00,1.424987030029296886e-01,6.059999198913573970e+00,5.459999999999999964e+00,3.200000000000000000e+05
2.100777645887669909e+00,4.484750053405761605e+01,6.059999198913573970e+00,5.459999999999999964e+00,0.000000000000000000e+00
2.100796645941075624e+00,4.484750053405761605e+01,5.964998931884765376e+00,5.459999999999999964e+00,3.200000000000000000e+05
2.139569414224731236e+00,1.424987030029296886e-01,5.964998931884765376e+00,5.459999999999999964e+00,0.000000000000000000e+00
2.139588414087401969e+00,1.424987030029296886e-01,5.869999618530273189e+00,5.459999999999999964e+00,3.200000000000000000e+05
2.178361182371057581e+00,4.484750053405761605e+01,5.869999618530273189e+00,5.459999999999999964e+00,0.000000000000000000e+00
2.178380182424463296e+00,4.484750053405761605e+01,5.774999351501464595e+00,5.459999999999999964e+00,3.200000000000000000e+05
2.217152950708118908e+00,1.424987030029296886e-01,5.774999351501464595e+00,5.459999999999999964e+00,0.000000000000000000e+00
2.217171950761524624e+00,1.424987030029296886e-01,5.679999084472656001e+00,5.459999999999999964e+00,3.200000000000000000e+05
2.255944719045180236e+00,4.484750053405761605e+01,5.679999084472656001e+00,5.459999999999999964e+00,0.000000000000000000e+00
2.255963718907850968e+00,4.484750053405761605e+01,5.584999771118163814e+00,5.459999999999999964e+00,3.200000000000000000e+05
2.294736487191506580e+00,1.424987030029296886e-01,5.584999771118163814e+00,5.459999999999999964e+00,0.000000000000000000e+00
2.294755487244912295e+00,1.424987030029296886e-01,5.489999504089355220e+00,5.459999999999999964e+00,3.200000000000000000e+05
2.333528255528567907e+00,4.484750053405761605e+01,5.489999504089355220e+00,5.459999999999999964e+00,0.000000000000000000e+00
2.333547255581973623e+00,4.484750053405761605e+01,5.394999237060546626e+00,5.459999999999999964e+00,3.200000000000000000e+05
2.372320023865629235e+00,1.424987030029296886e-01,5.394999237060546626e+00,5.459999999999999964e+00,0.000000000000000000e+00
2.372339023919034950e+00,1.424987030029296886e-01,5.299998970031738033e+00,5.459999999999999964e+00,3.200000000000000000e+05
2.411111792202690562e+00,4.484750053405761605e+01,5.299998970031738033e+00,5.459999999999999964e+00,0.000000000000000000e+00
2.411130792065361295e+00,4.484750053405761605e+01,5.204999656677245845e+00,5.459999999999999964e+00,3.200000000000000000e+05
2.449903560349016907e+00,1.424987030029296886e-01,5.204999656677245845e+00,5.459999999999999964e+00,0.000000000000000000e+00
2.449922560402422622e+00,1.424987030029296886e-01,5.109999389648437251e+00,5.459999999999999964e+00,3.200000000000000000e+05
2.488695328686078234e+00,4.484750053405761605e+01,5.109999389648437251e+00,5.459999999999999964e+00,0.000000000000000000e+00
2.488714328739483950e+00,4.484750053405761605e+01,5.014999122619628658e+00,5.459999999999999964e+00,3.200000000000000000e+05
2.527487097023139562e+00,1.424987030029296886e-01,5.014999122619628658e+00,5.459999999999999964e+00,0.000000000000000000e+00
2.527506096885810294e+00,1.424987030029296886e-01,4.919999809265136470e+00,5.459999999999999964e+00,3.200000000000000000e+05
2.566278865169465906e+00,4.484750053405761605e+01,4.919999809265136470e+00,5.459999999999999964e+00,0.000000000000000000e+00
2.566297865222871621e+00,4.484750053405761605e+01,4.824999542236327876e+00,5.459999999999999964e+00,3.200000000000000000e+05
2.605070633506527233e+00,1.424987030029296886e-01,4.824999542236327876e+00,5.459999999999999964e+00,0.000000000000000000e+00
2.605089633559932949e+00,1.424987030029296886e-01,4.729999275207519283e+00,5.459999999999999964e+00,3.200000000000000000e+05
2.643862401843588561e+00,4.484750053405761605e+01,4.729999275207519283e+00,5.459999999999999964e+00,0.000000000000000000e+00
2.643881401896994277e+00,4.484750053405761605e+01,4.634999008178710689e+00,5.459999999999999964e+00,3.200000000000000000e+05
2.682654170180649889e+00,1.424987030029296886e-01,4.634999008178710689e+00,5.459999999999999964e+00,0.000000000000000000e+00
2.682673170043320621e+00,1.424987030029296886e-01,4.539999694824218501e+00,5.459999999999999964e+00,3.200000000000000000e+05
2.721445938326976233e+00,4.484750053405761605e+01,4.539999694824218501e+00,5.459999999999999964e+00,0.000000000000000000e+00
2.721464938380381948e+00,4.484750053405761605e+01,4.444999427795409908e+00,5.459999999999999964e+00,3.200000000000000000e+05
2.760237706664037560e+00,1.424987030029296886e-01,4.444999427795409908e+00,5.459999999999999964e+00,0.000000000000000000e+00
2.760256706717443276e+00,1.424987030029296886e-01,4.349999160766601314e+00,5.459999999999999964e+00,3.200000000000000000e+05
2.799029475001098888e+00,4.484750053405761605e+01,4.349999160766601314e+00,5.459999999999999964e+00,0.000000000000000000e+00
2.799048474863769620e+00,4.484750053405761605e+01,4.254999847412109126e+00,5.459999999999999964e+00,3.200000000000000000e+05
2.837821243147425232e+00,1.424987030029296886e-01,4.254999847412109126e+00,5.459999999999999964e+00,0.000000000000000000e+00
2.837840243200830948e+00,1.424987030029296886e-01,4.159999580383300533e+00,5.459999999999999964e+00,3.200000000000000000e+05
2.876613011484486560e+00,4.484750053405761605e+01,4.159999580383300533e+00,5.459999999999999964e+00,0.000000000000000000e+00
2.876632011537892275e+00,4.484750053405761605e+01,4.064999313354491939e+00,5.459999999999999964e+00,3.200000000000000000e+05
2.915404779821547887e+00,1.424987030029296886e-01,4.064999313354491939e+00,5.459999999999999964e+00,0.000000000000000000e+00
2.915423779874953603e+00,1.424987030029296886e-01,3.969999046325683789e+00,5.459999999999999964e+00,3.200000000000000000e+05
2.954196548158609215e+00,4.484750053405761605e+01,3.969999046325683789e+00,5.459999999999999964e+00,0.000000000000000000e+00
2.954215548021279947e+00,4.484750053405761605e+01,3.874999732971191602e+00,5.459999999999999964e+00,3.200000000000000000e+05
2.992988316304935559e+00,1.424987030029296886e-01,3.874999732971191602e+00,5.459999999999999964e+00,0.000000000000000000e+00
2.993007316358341274e+00,1.424987030029296886e-01,3.779999465942383008e+00,5.459999999999999964e+00,3.200000000000000000e+05
3.031780084641996886e+00,4.484750053405761605e+01,3.779999465942383008e+00,5.459999999999999964e+00,0.000000000000000000e+00
3.031799084695402602e+00,4.484750053405761605e+01,3.684999198913574414e+00,5.459999999999999964e+00,3.200000000000000000e+05
3.070571852979058214e+00,1.424987030029296886e-01,3.684999198913574414e+00,5.459999999999999964e+00,0.000000000000000000e+00
3.070590853032463929e+00,1.424987030029296886e-01,3.589998931884765820e+00,5.459999999999999964e+00,3.200000000000000000e+05
3.109363621316119541e+00,4.484750053405761605e+01,3.589998931884765820e+00,5.459999999999999964e+00,0.000000000000000000e+00
3.109382621178790274e+00,4.484750053405761605e+01,3.494999618530273633e+00,5.459999999999999964e+00,3.200000000000000000e+05
3.148155389462445886e+00,1.424987030029296886e-01,3.494999618530273633e+00,5.459999999999999964e+00,0.000000000000000000e+00
3.148174389515851601e+00,1.424987030029296886e-01,3.399999351501465039e+00,5.459999999999999964e+00,3.200000000000000000e+05
3.186947157799507213e+00,4.484750053405761605e+01,3.399999351501465039e+00,5.459999999999999964e+00,0.000000000000000000e+00
3.186966157852912929e+00,4.484750053405761605e+01,3.304999084472656445e+00,5.459999999999999964e+00,3.200000000000000000e+05
3.225738926136568541e+00,1.424987030029296886e-01,3.304999084472656445e+00,5.459999999999999964e+00,0.000000000000000000e+00
3.225757925999239273e+00,1.424987030029296886e-01,3.209999771118164258e+00,5.459999999999999964e+00,3.200000000000000000e+05
3.264530694282894885e+00,4.484750053405761605e+01,3.209999771118164258e+00,5.459999999999999964e+00,0.000000000000000000e+00
3.264549694336300600e+00,4.484750053405761605e+01,3.114999504089355664e+00,5.459999999999999964e+00,3.200000000000000000e+05
3.303322462619956212e+00,1.424987030029296886e-01,3.114999504089355664e+00,5.459999999999999964e+00,0.000000000000000000e+00
3.303341462673361928e+00,1.424987030029296886e-01,3.019999237060547070e+00,5.459999999999999964e+00,3.200000000000000000e+05
3.342114230957017540e+00,4.484750053405761605e+01,3.019999237060547070e+00,5.459999999999999964e+00,0.000000000000000000e+00
3.342133231010423255e+00,4.484750053405761605e+01,2.924998970031738477e+00,5.459999999999999964e+00,3.200000000000000000e+05
3.380905999294078867e+00,1.424987030029296886e-01,2.924998970031738477e+00,5.459999999999999964e+00,0.000000000000000000e+00
3.380924999156749600e+00,1.424987030029296886e-01,2.829999656677246289e+00,5.459999999999999964e+00,3.200000000000000000e+05
3.419697767440405212e+00,4.484750053405761605e+01,2.829999656677246289e+00,5.459999999999999964e+00,0.000000000000000000e+00
3.419716767493810927e+00,4.484750053405761605e+01,2.734999389648437695e+00,5.459999999999999964e+00,3.200000000000000000e+05
3.458489535777466539e+00,1.424987030029296886e-01,2.734999389648437695e+00,5.459999999999999964e+00,0.000000000000000000e+00
3.458508535830872255e+00,1.424987030029296886e-01,2.639999122619629102e+00,5.459999999999999964e+00,3.200000000000000000e+05
3.497281304114527867e+00,4.484750053405761605e+01,2.639999122619629102e+00,5.459999999999999964e+00,0.000000000000000000e+00
3.497300303977198599e+00,4.484750053405761605e+01,2.544999809265136914e+00,5.459999999999999964e+00,3.200000000000000000e+05
3.536073072260854211e+00,1.424987030029296886e-01,2.544999809265136914e+00,5.459999999999999964e+00,0.000000000000000000e+00
3.536092072314259926e+00,1.424987030029296886e-01,2.449999542236328320e+00,5.459999999999999964e+00,3.200000000000000000e+05
3.574864840597915538e+00,4.484750053405761605e+01,2.449999542236328320e+00,5.459999999999999964e+00,0.000000000000000000e+00
3.574883840651321254e+00,4.484750053405761605e+01,2.354999275207519727e+00,5.459999999999999964e+00,3.200000000000000000e+05
3.613656608934976866e+00,1.424987030029296886e-01,2.354999275207519727e+00,5.459999999999999964e+00,0.000000000000000000e+00
3.613675608797647598e+00,1.424987030029296886e-01,2.259999961853027539e+00,5.459999999999999964e+00,3.200000000000000000e+05
3.652448377081303210e+00,4.484750053405761605e+01,2.259999961853027539e+00,5.459999999999999964e+00,0.000000000000000000e+00
3.652467377134708926e+00,4.484750053405761605e+01,2.164999694824218945e+00,5.459999999999999964e+00,3.200000000000000000e+05
3.691240145418364538e+00,1.424987030029296886e-01,2.164999694824218945e+00,5.459999999999999964e+00,0.000000000000000000e+00
3.691259145471770253e+00,1.424987030029296886e-01,2.069999427795410352e+00,5.459999999999999964e+00,3.200000000000000000e+05
3.730031913755425865e+00,4.484750053405761605e+01,2.069999427795410352e+00,5.459999999999999964e+00,0.000000000000000000e+00
3.730050913808831581e+00,4.484750053405761605e+01,1.974999160766601536e+00,5.459999999999999964e+00,3.200000000000000000e+05
3.768823682092487193e+00,1.424987030029296886e-01,1.974999160766601536e+00,5.459999999999999964e+00,0.000000000000000000e+00
3.768842681955157925e+00,1.424987030029296886e-01,1.879999847412109348e+00,5.459999999999999964e+00,3.200000000000000000e+05
3.807615450238813537e+00,4.484750053405761605e+01,1.879999847412109348e+00,5.459999999999999964e+00,0.000000000000000000e+00
3.807634450482954236e+00,4.484750053405761605e+01,1.784998626708984348e+00,5.459999999999999964e+00,3.200000000000000000e+05
3.846407218766609848e+00,1.424987030029296886e-01,1.784998626708984348e+00,5.459999999999999964e+00,0.000000000000000000e+00
3.846426218629280580e+00,1.424987030029296886e-01,1.689999313354492161e+00,5.459999999999999964e+00,3.200000000000000000e+05
3.885198986912936192e+00,4.484750053405761605e+01,1.689999313354492161e+00,5.459999999999999964e+00,0.000000000000000000e+00
3.885217986775606924e+00,4.484750053405761605e+01,1.594999999999999973e+00,5.459999999999999964e+00,3.200000000000000000e+05
3.923990755059262536e+00,1.424987030029296886e-01,1.594999999999999973e+00,5.459999999999999964e+00,0.000000000000000000e+00
3.924009755303403235e+00,1.424987030029296886e-01,1.499998779296874973e+00,5.459999999999999964e+00,3.200000000000000000e+05
3.962782523587058847e+00,4.484750053405761605e+01,1.499998779296874973e+00,5.459999999999999964e+00,0.000000000000000000e+00
3.962801523449729579e+00,4.484750053405761605e+01,1.404999465942382786e+00,5.459999999999999964e+00,3.200000000000000000e+05
4.001574291733384747e+00,1.424987030029296886e-01,1.404999465942382786e+00,5.459999999999999964e+00,0.000000000000000000e+00
4.001593291977525446e+00,1.424987030029296886e-01,1.309998245239257786e+00,5.459999999999999964e+00,3.200000000000000000e+05
4.040366060261180614e+00,4.484750053405761605e+01,1.309998245239257786e+00,5.459999999999999964e+00,0.000000000000000000e+00
4.040385060123851346e+00,4.484750053405761605e+01,1.214998931884765598e+00,5.459999999999999964e+00,3.200000000000000000e+05
4.079157828407506514e+00,1.424987030029296886e-01,1.214998931884765598e+00,5.459999999999999964e+00,0.000000000000000000e+00
4.079176828270177246e+00,1.424987030029296886e-01,1.119999618530273411e+00,5.459999999999999964e+00,3.200000000000000000e+05
4.117949596553832414e+00,4.484750053405761605e+01,1.119999618530273411e+00,5.459999999999999964e+00,0.000000000000000000e+00
4.117968596797973113e+00,4.484750053405761605e+01,1.024998397827148411e+00,5.459999999999999964e+00,3.200000000000000000e+05
4.156741365081628281e+00,1.424987030029296886e-01,1.024998397827148411e+00,5.459999999999999964e+00,0.000000000000000000e+00
4.156760364944299013e+00,1.424987030029296886e-01,9.299990844726562234e-01,5.459999999999999964e+00,3.200000000000000000e+05
4.195533133227954181e+00,4.484750053405761605e+01,9.299990844726562234e-01,5.459999999999999964e+00,0.000000000000000000e+00
4.195552133090624913e+00,4.484750053405761605e+01,8.349997711181640359e-01,5.459999999999999964e+00,3.200000000000000000e+05
4.234324901374280081e+00,1.424987030029296886e-01,8.349997711181640359e-01,5.459999999999999964e+00,0.000000000000000000e+00
4.234343901618420780e+00,1.424987030029296886e-01,7.399985504150390359e-01,5.459999999999999964e+00,3.200000000000000000e+05
4.273116669902075948e+00,4.484750053405761605e+01,7.399985504150390359e-01,5.459999999999999964e+00,0.000000000000000000e+00
4.273135669764746680e+00,4.484750053405761605e+01,6.449992370605468484e-01,5.459999999999999964e+00,3.200000000000000000e+05
4.311908438048401848e+00,1.424987030029296886e-01,6.449992370605468484e-01,5.459999999999999964e+00,0.000000000000000000e+00
4.311927437911072580e+00,1.424987030029296886e-01,5.499999237060546609e-01,5.459999999999999964e+00,3.200000000000000000e+05
4.350700206194727748e+00,4.484750053405761605e+01,5.499999237060546609e-01,5.459999999999999964e+00,0.000000000000000000e+00
4.350719206438868447e+00,4.484750053405761605e+01,4.549987030029296609e-01,5.459999999999999964e+00,3.200000000000000000e+05
4.389491974722523615e+00,1.424987030029296886e-01,4.549987030029296609e-01,5.459999999999999964e+00,0.000000000000000000e+00
4.389510974585194347e+00,1.424987030029296886e-01,3.599993896484374734e-01,5.459999999999999964e+00,3.200000000000000000e+05
4.428283742868849515e+00,4.484750053405761605e+01,3.599993896484374734e-01,5.459999999999999964e+00,0.000000000000000000e+00
4.428302742731520247e+00,4.484750053405761605e+01,2.650000762939452859e-01,5.459999999999999964e+00,3.200000000000000000e+05
4.467075511015175415e+00,1.424987030029296886e-01,2.650000762939452859e-01,5.459999999999999964e+00,0.000000000000000000e+00
4.467094511259316114e+00,1.424987030029296886e-01,1.699988555908203136e-01,5.459999999999999964e+00,3.200000000000000000e+05
4.505867279542971282e+00,4.484750053405761605e+01,1.699988555908203136e-01,5.459999999999999964e+00,0.000000000000000000e+00
4.514954443843656406e+00,4.484750053405761605e+01,1.064749929428100650e+01,5.459999999999999964e+00,3.200000000000000000e+05
4.524065459100619080e+00,4.484750053405761605e+01,1.424987030029296886e-01,5.459999999999999964e+00,3.200000000000000000e+05
4.562838227384274248e+00,1.424987030029296886e-01,1.424987030029296886e-01,5.459999999999999964e+00,3.200000000000000000e+05
4.571949242641236921e+00,1.424987030029296886e-01,1.064749929428100650e+01,5.459999999999999964e+00,3.200000000000000000e+05
4.580890243007448071e+00,4.484750053405761605e+01,1.064749929428100650e+01,5.459999999999999964e+00,0.000000000000000000e+00
4.590042546731520012e+00,4.489499923706054574e+01,9.500000000000000111e-02,5.459999999999999964e+00,3.200000000000000000e+05
4.599235954734811394e+00,4.489499923706054574e+01,1.069499942779541080e+01,5.459999999999999964e+00,3.200000000000000000e+05
4.638091114524109493e+00,9.500000000000000111e-02,1.069499942779541080e+01,5.459999999999999964e+00,3.200000000000000000e+05
4.647284522527400874e+00,9.500000000000000111e-02,9.500000000000000111e-02,5.459999999999999964e+00,3.200000000000000000e+05
4.656244522374812789e+00,4.489499923706054574e+01,9.500000000000000111e-02,5.459999999999999964e+00,0.000000000000000000e+00
