2.000000000000000111e-01,1.828076553344726574e-01,1.425006103515625011e-01,3.299999999999999822e+00,0.000000000000000000e+00
2.001131292555011210e-01,1.425001335144042980e-01,2.665545654296874734e-01,3.299999999999999822e+00,0.000000000000000000e+00
2.001746145460284731e-01,1.425001335144042980e-01,5.739810180664062234e-01,3.299999999999999822e+00,3.200000000000000000e+05
2.005680970264177021e-01,2.826964569091796609e-01,1.425006103515625011e-01,3.299999999999999822e+00,0.000000000000000000e+00
2.005880747867326563e-01,3.825852584838866921e-01,1.425006103515625011e-01,3.299999999999999822e+00,3.200000000000000000e+05
2.012619104920100044e-01,1.425001335144042980e-01,8.814074707031249734e-01,3.299999999999999822e+00,0.000000000000000000e+00
2.013233957825373566e-01,1.425001335144042980e-01,1.188833923339843723e+00,3.299999999999999822e+00,3.200000000000000000e+05
2.022775847127028237e-01,4.824740600585937234e-01,1.425006103515625011e-01,3.299999999999999822e+00,0.000000000000000000e+00
2.022975625683851864e-01,5.823633384704589577e-01,1.425006103515625011e-01,3.299999999999999822e+00,3.200000000000000000e+05
2.035321048512364617e-01,1.425001335144042980e-01,1.496260375976562473e+00,3.299999999999999822e+00,0.000000000000000000e+00
2.035935901417638139e-01,1.425001335144042980e-01,1.803686828613281223e+00,3.299999999999999822e+00,3.200000000000000000e+05
2.051084856495031805e-01,6.822521400451659890e-01,1.425006103515625011e-01,3.299999999999999822e+00,0.000000000000000000e+00
2.051284634098181348e-01,7.821409416198730202e-01,1.425006103515625011e-01,3.299999999999999822e+00,3.200000000000000000e+05
2.069237121424456205e-01,1.425001335144042980e-01,2.111113281250000195e+00,3.299999999999999822e+00,0.000000000000000000e+00
2.069851974329729727e-01,1.425001335144042980e-01,2.418539733886718945e+00,3.299999999999999822e+00,3.200000000000000000e+05
2.090607993904885775e-01,8.820297431945800515e-01,1.425006103515625011e-01,3.299999999999999822e+00,0.000000000000000000e+00
2.090807772461709402e-01,9.819190216064452859e-01,1.425006103515625011e-01,3.299999999999999822e+00,3.200000000000000000e+05
2.114367325563723532e-01,1.425001335144042980e-01,2.725966186523437695e+00,3.299999999999999822e+00,0.000000000000000000e+00
2.114982178468997054e-01,1.425001335144042980e-01,3.033392639160156445e+00,3.299999999999999822e+00,3.200000000000000000e+05
2.141345263819892375e-01,1.081807823181152317e+00,1.425006103515625011e-01,3.299999999999999822e+00,0.000000000000000000e+00
2.141545041423041917e-01,1.181696624755859348e+00,1.425006103515625011e-01,3.299999999999999822e+00,3.200000000000000000e+05
2.170711659022818152e-01,1.425001335144042980e-01,3.340819091796875195e+00,3.299999999999999822e+00,0.000000000000000000e+00
2.171326511928091674e-01,1.425001335144042980e-01,3.648245544433593945e+00,3.299999999999999822e+00,3.200000000000000000e+05
2.203296661776749099e-01,1.281585426330566380e+00,1.425006103515625011e-01,3.299999999999999822e+00,0.000000000000000000e+00
2.203496439856735545e-01,1.381474466323852512e+00,1.425006103515625011e-01,3.299999999999999822e+00,3.200000000000000000e+05
2.238270122593262745e-01,1.425001335144042980e-01,3.955671997070312695e+00,3.299999999999999822e+00,0.000000000000000000e+00
2.238884975498536267e-01,1.425001335144042980e-01,4.263098449707031001e+00,3.299999999999999822e+00,3.200000000000000000e+05
2.276462190483944381e-01,1.481363267898559544e+00,1.425006103515625011e-01,3.299999999999999822e+00,0.000000000000000000e+00
2.276661968563930827e-01,1.581252307891845676e+00,1.425006103515625011e-01,3.299999999999999822e+00,3.200000000000000000e+05
2.317042716437208716e-01,1.425001335144042980e-01,4.570524902343749751e+00,3.299999999999999822e+00,0.000000000000000000e+00
2.317657569342482238e-01,1.425001335144042980e-01,4.877951354980468501e+00,3.299999999999999822e+00,3.200000000000000000e+05
2.360841849464641318e-01,1.681141109466552708e+00,1.425006103515625011e-01,3.299999999999999822e+00,0.000000000000000000e+00
2.361041627544627763e-01,1.781030149459838841e+00,1.425006103515625011e-01,3.299999999999999822e+00,3.200000000000000000e+05
2.407029440554656341e-01,1.425001335144042980e-01,5.185377807617187251e+00,3.299999999999999822e+00,0.000000000000000000e+00
2.407644293459929863e-01,1.425001335144042980e-01,5.492804260253906001e+00,3.299999999999999822e+00,3.200000000000000000e+05
2.456435638718839631e-01,1.880918951034545872e+00,1.425006103515625011e-01,3.299999999999999822e+00,0.000000000000000000e+00
2.456635416798826077e-01,1.980807991027832005e+00,1.425006103515625011e-01,3.299999999999999822e+00,3.200000000000000000e+05
2.508230294945605343e-01,1.425001335144042980e-01,5.800230712890624751e+00,3.299999999999999822e+00,0.000000000000000000e+00
2.508845147850878865e-01,1.425001335144042980e-01,6.107657165527343501e+00,3.299999999999999822e+00,3.200000000000000000e+05
2.563243558246539600e-01,2.080696792602539258e+00,1.425006103515625011e-01,3.299999999999999822e+00,0.000000000000000000e+00
2.563443335849688864e-01,2.180585594177246289e+00,1.425006103515625011e-01,3.299999999999999822e+00,3.200000000000000000e+05
2.620645278494230235e-01,1.425001335144042980e-01,6.415083618164062251e+00,3.299999999999999822e+00,0.000000000000000000e+00
2.621260131399503757e-01,1.425001335144042980e-01,6.722510070800781001e+00,3.299999999999999822e+00,3.200000000000000000e+05
2.681265606931915180e-01,2.280474634170532422e+00,1.425006103515625011e-01,3.299999999999999822e+00,0.000000000000000000e+00
2.681465384535064445e-01,2.380363435745239453e+00,1.425006103515625011e-01,3.299999999999999822e+00,3.200000000000000000e+05
2.744274392316357059e-01,1.425001335144042980e-01,7.029936523437499751e+00,3.299999999999999822e+00,0.000000000000000000e+00
2.744889245221630580e-01,1.425001335144042980e-01,7.337362976074218501e+00,3.299999999999999822e+00,3.200000000000000000e+05
2.810501785890792692e-01,2.480252475738525586e+00,1.425006103515625011e-01,3.299999999999999822e+00,0.000000000000000000e+00
2.810701563493941957e-01,2.580141277313232617e+00,1.425006103515625011e-01,3.299999999999999822e+00,3.200000000000000000e+05
2.879117636411985259e-01,1.425001335144042980e-01,7.644789428710937251e+00,3.299999999999999822e+00,0.000000000000000000e+00
2.879732489317258781e-01,1.425001335144042980e-01,7.952215881347656001e+00,3.299999999999999822e+00,3.200000000000000000e+05
2.950952095123171581e-01,2.680030317306518750e+00,1.425006103515625011e-01,3.299999999999999822e+00,0.000000000000000000e+00
2.951151872726320846e-01,2.779919118881225781e+00,1.425006103515625011e-01,3.299999999999999822e+00,3.200000000000000000e+05
3.025175010781114837e-01,1.425001335144042980e-01,8.259642333984375639e+00,3.299999999999999822e+00,0.000000000000000000e+00
3.025789863686388359e-01,1.425001335144042980e-01,8.567068786621094389e+00,3.299999999999999822e+00,3.200000000000000000e+05
3.102616533990063541e-01,2.879807920455932813e+00,1.425006103515625011e-01,3.299999999999999822e+00,0.000000000000000000e+00
3.102816312070050264e-01,2.979696960449218945e+00,1.425006103515625011e-01,3.299999999999999822e+00,3.200000000000000000e+05
3.182446515261594944e-01,1.425001335144042980e-01,8.874495239257813139e+00,3.299999999999999822e+00,0.000000000000000000e+00
3.183061368166868466e-01,1.425001335144042980e-01,9.181921691894531889e+00,3.299999999999999822e+00,3.200000000000000000e+05
3.265495103926788767e-01,3.079585881233215527e+00,1.425006103515625011e-01,3.299999999999999822e+00,0.000000000000000000e+00
3.265694882006775490e-01,3.179474921226501660e+00,1.425006103515625011e-01,3.299999999999999822e+00,3.200000000000000000e+05
3.350932150654565289e-01,1.425001335144042980e-01,9.489348144531250639e+00,3.299999999999999822e+00,0.000000000000000000e+00
3.351547003559838811e-01,1.425001335144042980e-01,9.796774597167969389e+00,3.299999999999999822e+00,3.200000000000000000e+05
3.439587804456509801e-01,3.279363722801208691e+00,1.425006103515625011e-01,3.299999999999999822e+00,0.000000000000000000e+00
3.439787582536496524e-01,3.379252762794494824e+00,1.425006103515625011e-01,3.299999999999999822e+00,3.200000000000000000e+05
3.528290987946561819e-01,2.259070587158203136e-01,9.847502441406250639e+00,3.299999999999999822e+00,0.000000000000000000e+00
3.528490765549711083e-01,3.257958602905273171e-01,9.847502441406250639e+00,3.299999999999999822e+00,3.200000000000000000e+05
3.616994170959776378e-01,3.479141564369201856e+00,1.425006103515625011e-01,3.299999999999999822e+00,0.000000000000000000e+00
3.617193949039763101e-01,3.579030604362487988e+00,1.425006103515625011e-01,3.299999999999999822e+00,3.200000000000000000e+05
3.705697355088816702e-01,4.256846618652343484e-01,9.847502441406250639e+00,3.299999999999999822e+00,0.000000000000000000e+00
3.705897133645640329e-01,5.255739402770995827e-01,9.847502441406250639e+00,3.299999999999999822e+00,3.200000000000000000e+05
3.794400538416716762e-01,3.678919405937195020e+00,1.425006103515625011e-01,3.299999999999999822e+00,0.000000000000000000e+00
3.794600316496703485e-01,3.778808445930481152e+00,1.425006103515625011e-01,3.299999999999999822e+00,3.200000000000000000e+05
3.883103721906768779e-01,6.254627418518066140e-01,9.847502441406250639e+00,3.299999999999999822e+00,0.000000000000000000e+00
3.883303499509918044e-01,7.253515434265136452e-01,9.847502441406250639e+00,3.299999999999999822e+00,3.200000000000000000e+05
3.971806904919983339e-01,3.878697247505188184e+00,1.425006103515625011e-01,3.299999999999999822e+00,0.000000000000000000e+00
3.972006682523132604e-01,3.978586049079895215e+00,1.425006103515625011e-01,3.299999999999999822e+00,3.200000000000000000e+05
4.060510087933197898e-01,8.252403450012206765e-01,9.847502441406250639e+00,3.299999999999999822e+00,0.000000000000000000e+00
4.060709866490021525e-01,9.251296234130859109e-01,9.847502441406250639e+00,3.299999999999999822e+00,3.200000000000000000e+05
4.149213271261097957e-01,4.078475089073180904e+00,1.425006103515625011e-01,3.299999999999999822e+00,0.000000000000000000e+00
4.149413048864247222e-01,4.178363890647887935e+00,1.425006103515625011e-01,3.299999999999999822e+00,3.200000000000000000e+05
4.237916453635323655e-01,1.025018424987792942e+00,9.847502441406250639e+00,3.299999999999999822e+00,0.000000000000000000e+00
4.238116231238472920e-01,1.124907226562499973e+00,9.847502441406250639e+00,3.299999999999999822e+00,3.200000000000000000e+05
4.326619636009549352e-01,4.278252692222594966e+00,1.425006103515625011e-01,3.299999999999999822e+00,0.000000000000000000e+00
4.326819414566372979e-01,4.378141970634460201e+00,1.425006103515625011e-01,3.299999999999999822e+00,3.200000000000000000e+05
4.415322820615426580e-01,1.224796028137207005e+00,9.847502441406250639e+00,3.299999999999999822e+00,0.000000000000000000e+00
4.415522598695413303e-01,1.324685068130493137e+00,9.847502441406250639e+00,3.299999999999999822e+00,3.200000000000000000e+05
4.504026004105478598e-01,4.478030772209167232e+00,1.425006103515625011e-01,3.299999999999999822e+00,0.000000000000000000e+00
4.504225781708627863e-01,4.577919573783874263e+00,1.425006103515625011e-01,3.299999999999999822e+00,3.200000000000000000e+05
4.592729187118693157e-01,1.424573869705200169e+00,9.847502441406250639e+00,3.299999999999999822e+00,0.000000000000000000e+00
4.592928965198679880e-01,1.524462909698486301e+00,9.847502441406250639e+00,3.299999999999999822e+00,3.200000000000000000e+05
4.681432369969756313e-01,4.677808375358581294e+00,1.425006103515625011e-01,3.299999999999999822e+00,0.000000000000000000e+00
4.681632148496777668e-01,4.777697638869285335e+00,1.425006103515625011e-01,3.299999999999999822e+00,3.200000000000000000e+05
4.770135554505894881e-01,1.624351711273193333e+00,9.847502441406250639e+00,3.299999999999999822e+00,0.000000000000000000e+00
4.770335332585881605e-01,1.724240751266479466e+00,9.847502441406250639e+00,3.299999999999999822e+00,3.200000000000000000e+05
4.858838737975978428e-01,4.877586447894572963e+00,1.425006103515625011e-01,3.299999999999999822e+00,0.000000000000000000e+00
4.859038515575402339e-01,4.977475247606634845e+00,1.425006103515625011e-01,3.299999999999999822e+00,3.200000000000000000e+05
4.947541920960507045e-01,1.824129552841186497e+00,9.847502441406250639e+00,3.299999999999999822e+00,0.000000000000000000e+00
4.947741699040493768e-01,1.924018592834472630e+00,9.847502441406250639e+00,3.299999999999999822e+00,3.200000000000000000e+05
5.036245103791602284e-01,5.077364051043987025e+00,1.425006103515625011e-01,3.299999999999999822e+00,0.000000000000000000e+00
5.036444882333525053e-01,5.177253322005271663e+00,1.425006103515625011e-01,3.299999999999999822e+00,3.200000000000000000e+05
5.124948288342642266e-01,2.023907394409179883e+00,9.847502441406250639e+00,3.299999999999999822e+00,0.000000000000000000e+00
5.125148065945791531e-01,2.123796195983886914e+00,9.847502441406250639e+00,3.299999999999999822e+00,3.200000000000000000e+05
5.213651471994845688e-01,5.277142138481139888e+00,1.425006103515625011e-01,3.299999999999999822e+00,0.000000000000000000e+00
5.213851249597994952e-01,5.377030940055846919e+00,1.425006103515625011e-01,3.299999999999999822e+00,3.200000000000000000e+05
5.302354655008060247e-01,2.223685235977173047e+00,9.847502441406250639e+00,3.299999999999999822e+00,0.000000000000000000e+00
5.302554432611209512e-01,2.323574037551880078e+00,9.847502441406250639e+00,3.299999999999999822e+00,3.200000000000000000e+05
5.391057838021274806e-01,5.476919741630553951e+00,1.425006103515625011e-01,3.299999999999999822e+00,0.000000000000000000e+00
5.391257615624424071e-01,5.576808543205260982e+00,1.425006103515625011e-01,3.299999999999999822e+00,3.200000000000000000e+05
5.479761020395500504e-01,2.423463077545166211e+00,9.847502441406250639e+00,3.299999999999999822e+00,0.000000000000000000e+00
5.479960797998649769e-01,2.523351879119873242e+00,9.847502441406250639e+00,3.299999999999999822e+00,3.200000000000000000e+05
5.568464204047703925e-01,5.676697821617126216e+00,1.425006103515625011e-01,3.299999999999999822e+00,0.000000000000000000e+00
5.568663981650853190e-01,5.776586623191833247e+00,1.425006103515625011e-01,3.299999999999999822e+00,3.200000000000000000e+05
5.657167387699907346e-01,2.623240680694580274e+00,9.847502441406250639e+00,3.299999999999999822e+00,0.000000000000000000e+00
5.657367165779894069e-01,2.723129720687866406e+00,9.847502441406250639e+00,3.299999999999999822e+00,3.200000000000000000e+05
5.745870571189959364e-01,5.876475424766540279e+00,1.425006103515625011e-01,3.299999999999999822e+00,0.000000000000000000e+00
5.746070348793108629e-01,5.976364226341247310e+00,1.425006103515625011e-01,3.299999999999999822e+00,3.200000000000000000e+05
5.834573754203173923e-01,2.823018522262573438e+00,9.847502441406250639e+00,3.299999999999999822e+00,0.000000000000000000e+00
5.834773532283160646e-01,2.922907562255859570e+00,9.847502441406250639e+00,3.299999999999999822e+00,3.200000000000000000e+05
5.923276938332214803e-01,6.076253504753112544e+00,1.425006103515625011e-01,3.299999999999999822e+00,0.000000000000000000e+00
5.923476715935364068e-01,6.176142306327819576e+00,1.425006103515625011e-01,3.299999999999999822e+00,3.200000000000000000e+05
6.011980121664923793e-01,3.022796483039856152e+00,9.847502441406250639e+00,3.299999999999999822e+00,0.000000000000000000e+00
6.012179899744910516e-01,3.122685523033142285e+00,9.847502441406250639e+00,3.299999999999999822e+00,3.200000000000000000e+05
6.100683304835481380e-01,6.276031107902526607e+00,1.425006103515625011e-01,3.299999999999999822e+00,0.000000000000000000e+00
6.100883082438630645e-01,6.375919909477233638e+00,1.425006103515625011e-01,3.299999999999999822e+00,3.200000000000000000e+05
6.189386487529201508e-01,3.222574324607849316e+00,9.847502441406250639e+00,3.299999999999999822e+00,0.000000000000000000e+00
6.189586265609188231e-01,3.322463364601135449e+00,9.847502441406250639e+00,3.299999999999999822e+00,3.200000000000000000e+05
6.278089670060770233e-01,6.475808711051940669e+00,1.425006103515625011e-01,3.299999999999999822e+00,0.000000000000000000e+00
6.278289448617594415e-01,6.575697989463805904e+00,1.425006103515625011e-01,3.299999999999999822e+00,3.200000000000000000e+05
6.366792854347154140e-01,3.422352166175842481e+00,9.847502441406250639e+00,3.299999999999999822e+00,0.000000000000000000e+00
6.366992632427140864e-01,3.522241206169128613e+00,9.847502441406250639e+00,3.299999999999999822e+00,3.200000000000000000e+05
6.455496037517711727e-01,6.675586791038512935e+00,1.425006103515625011e-01,3.299999999999999822e+00,0.000000000000000000e+00
6.455695815120860992e-01,6.775475592613219966e+00,1.425006103515625011e-01,3.299999999999999822e+00,3.200000000000000000e+05
6.544199220211431856e-01,3.622130007743835645e+00,9.847502441406250639e+00,3.299999999999999822e+00,0.000000000000000000e+00
6.544398998291418579e-01,3.722019047737121777e+00,9.847502441406250639e+00,3.299999999999999822e+00,3.200000000000000000e+05
6.632902402743000581e-01,6.875364394187926997e+00,1.425006103515625011e-01,3.299999999999999822e+00,0.000000000000000000e+00
6.633102181299824762e-01,6.975253672599792232e+00,1.425006103515625011e-01,3.299999999999999822e+00,3.200000000000000000e+05
6.721605587029384488e-01,3.821907849311828809e+00,9.847502441406250639e+00,3.299999999999999822e+00,0.000000000000000000e+00
6.721805364632533752e-01,3.921796650886535840e+00,9.847502441406250639e+00,3.299999999999999822e+00,3.200000000000000000e+05
6.810308770042599047e-01,7.075142354965209712e+00,1.425006103515625011e-01,3.299999999999999822e+00,0.000000000000000000e+00
6.810508547645748312e-01,7.175031156539916743e+00,1.425006103515625011e-01,3.299999999999999822e+00,3.200000000000000000e+05
6.899011952416824744e-01,4.021685690879821529e+00,9.847502441406250639e+00,3.299999999999999822e+00,0.000000000000000000e+00
6.899211730019974009e-01,4.121574492454528560e+00,9.847502441406250639e+00,3.299999999999999822e+00,3.200000000000000000e+05
6.987715134791050442e-01,7.274919958114623775e+00,1.425006103515625011e-01,3.299999999999999822e+00,0.000000000000000000e+00
6.987914913347874624e-01,7.374809236526489009e+00,1.425006103515625011e-01,3.299999999999999822e+00,3.200000000000000000e+05
7.076418319396928780e-01,4.221463294029235591e+00,9.847502441406250639e+00,3.299999999999999822e+00,0.000000000000000000e+00
7.076618097953752962e-01,4.321352572441100826e+00,9.847502441406250639e+00,3.299999999999999822e+00,3.200000000000000000e+05
7.165121502724829394e-01,7.474698038101196040e+00,1.425006103515625011e-01,3.299999999999999822e+00,0.000000000000000000e+00
7.165321280327978659e-01,7.574586839675903072e+00,1.425006103515625011e-01,3.299999999999999822e+00,3.200000000000000000e+05
7.253824685099055092e-01,4.421241374015807857e+00,9.847502441406250639e+00,3.299999999999999822e+00,0.000000000000000000e+00
7.254024462702204357e-01,4.521130175590514888e+00,9.847502441406250639e+00,3.299999999999999822e+00,3.200000000000000000e+05
7.342527867473280789e-01,7.674475641250610103e+00,1.425006103515625011e-01,3.299999999999999822e+00,0.000000000000000000e+00
7.342727645076430054e-01,7.774364442825317134e+00,1.425006103515625011e-01,3.299999999999999822e+00,3.200000000000000000e+05
7.431231049847506487e-01,4.621018977165221919e+00,9.847502441406250639e+00,3.299999999999999822e+00,0.000000000000000000e+00
7.431430828404330668e-01,4.720908255577087154e+00,9.847502441406250639e+00,3.299999999999999822e+00,3.200000000000000000e+05
7.519934233175407101e-01,7.874253721237182368e+00,1.425006103515625011e-01,3.299999999999999822e+00,0.000000000000000000e+00
7.520134010778556366e-01,7.974142522811889400e+00,1.425006103515625011e-01,3.299999999999999822e+00,3.200000000000000000e+05
7.608637415589569741e-01,4.820797042250632991e+00,9.847502441406250639e+00,3.299999999999999822e+00,0.000000000000000000e+00
7.608837193207620420e-01,4.920685851275920619e+00,9.847502441406250639e+00,3.299999999999999822e+00,3.200000000000000000e+05
7.697340597998665324e-01,8.074031324386597319e+00,1.425006103515625011e-01,3.299999999999999822e+00,0.000000000000000000e+00
7.697540375601814588e-01,8.173920125961304350e+00,1.425006103515625011e-01,3.299999999999999822e+00,3.200000000000000000e+05
7.786043780397852165e-01,5.020574650987982501e+00,9.847502441406250639e+00,3.299999999999999822e+00,0.000000000000000000e+00
7.786243557989825925e-01,5.120463446974754085e+00,9.847502441406250639e+00,3.299999999999999822e+00,3.200000000000000000e+05
7.874746962800839301e-01,8.273808927536011382e+00,1.425006103515625011e-01,3.299999999999999822e+00,0.000000000000000000e+00
7.874946740403988565e-01,8.373697729110718413e+00,1.425006103515625011e-01,3.299999999999999822e+00,3.200000000000000000e+05
7.963450143937025327e-01,5.220352725386619319e+00,9.847502441406250639e+00,3.299999999999999822e+00,0.000000000000000000e+00
7.963649921569977419e-01,5.320241541862487544e+00,9.847502441406250639e+00,3.299999999999999822e+00,3.200000000000000000e+05
8.052153327619031575e-01,8.473587484359741850e+00,1.425006103515625011e-01,3.299999999999999822e+00,0.000000000000000000e+00
8.052353105222180840e-01,8.573476285934448882e+00,1.425006103515625011e-01,3.299999999999999822e+00,3.200000000000000000e+05
8.140856511271234996e-01,5.420130343437194576e+00,9.847502441406250639e+00,3.299999999999999822e+00,0.000000000000000000e+00
8.141056288874384261e-01,5.520019145011901607e+00,9.847502441406250639e+00,3.299999999999999822e+00,3.200000000000000000e+05
8.229559694923438418e-01,8.673365087509155913e+00,1.425006103515625011e-01,3.299999999999999822e+00,0.000000000000000000e+00
8.229759472526587682e-01,8.773253889083862944e+00,1.425006103515625011e-01,3.299999999999999822e+00,3.200000000000000000e+05
8.318262877297664115e-01,5.619908423423766841e+00,9.847502441406250639e+00,3.299999999999999822e+00,0.000000000000000000e+00
8.318462654900813380e-01,5.719797224998473872e+00,9.847502441406250639e+00,3.299999999999999822e+00,3.200000000000000000e+05
8.406966059671889813e-01,8.873142690658569975e+00,1.425006103515625011e-01,3.299999999999999822e+00,0.000000000000000000e+00
8.407165837275039078e-01,8.973031492233277007e+00,1.425006103515625011e-01,3.299999999999999822e+00,3.200000000000000000e+05
8.495669242046115510e-01,5.819686026573180904e+00,9.847502441406250639e+00,3.299999999999999822e+00,0.000000000000000000e+00
8.495869019649264775e-01,5.919574828147887935e+00,9.847502441406250639e+00,3.299999999999999822e+00,3.200000000000000000e+05
8.584372425059330070e-01,9.072920532226563139e+00,1.425006103515625011e-01,3.299999999999999822e+00,0.000000000000000000e+00
8.584572202662479334e-01,9.172809333801270171e+00,1.425006103515625011e-01,3.299999999999999822e+00,3.200000000000000000e+05
8.673075606794568015e-01,6.019464106559753169e+00,9.847502441406250639e+00,3.299999999999999822e+00,0.000000000000000000e+00
8.673275384397717280e-01,6.119352908134460201e+00,9.847502441406250639e+00,3.299999999999999822e+00,3.200000000000000000e+05
8.761778788529805961e-01,9.272698135375977202e+00,1.425006103515625011e-01,3.299999999999999822e+00,0.000000000000000000e+00
8.761978568040303950e-01,9.372587890625000639e+00,1.425006103515625011e-01,3.299999999999999822e+00,3.200000000000000000e+05
8.850481974728345858e-01,6.219241709709167232e+00,9.847502441406250639e+00,3.299999999999999822e+00,0.000000000000000000e+00
8.850681752331495122e-01,6.319130511283874263e+00,9.847502441406250639e+00,3.299999999999999822e+00,3.200000000000000000e+05
8.939185159019537030e-01,9.472476692199707671e+00,1.425006103515625011e-01,3.299999999999999822e+00,0.000000000000000000e+00
8.939384936622686295e-01,9.572365493774414702e+00,1.425006103515625011e-01,3.299999999999999822e+00,3.200000000000000000e+05
9.027888343310728203e-01,6.419019312858581294e+00,9.847502441406250639e+00,3.299999999999999822e+00,0.000000000000000000e+00
9.028088121867552385e-01,6.518908591270446529e+00,9.847502441406250639e+00,3.299999999999999822e+00,3.200000000000000000e+05
9.116591527277617679e-01,9.672254295349121733e+00,1.425006103515625011e-01,3.299999999999999822e+00,0.000000000000000000e+00
9.116791304880766944e-01,9.772143096923828764e+00,1.425006103515625011e-01,3.299999999999999822e+00,3.200000000000000000e+05
9.205294710290832239e-01,6.618797392845153560e+00,9.847502441406250639e+00,3.299999999999999822e+00,0.000000000000000000e+00
9.205494487893981503e-01,6.718686194419860591e+00,9.847502441406250639e+00,3.299999999999999822e+00,3.200000000000000000e+05
9.293309377780448743e-01,9.847500534057617827e+00,2.180010986328125011e-01,3.299999999999999822e+00,0.000000000000000000e+00
9.293924230685721710e-01,9.847500534057617827e+00,5.254275512695312234e-01,3.299999999999999822e+00,3.200000000000000000e+05
9.378935588323308314e-01,6.818574995994567622e+00,9.847502441406250639e+00,3.299999999999999822e+00,0.000000000000000000e+00
9.379135366880132496e-01,6.918464274406432857e+00,9.847502441406250639e+00,3.299999999999999822e+00,3.200000000000000000e+05
9.461343190990860741e-01,9.847500534057617827e+00,8.328540039062499734e-01,3.299999999999999822e+00,0.000000000000000000e+00
9.461958043896133708e-01,9.847500534057617827e+00,1.140280456542968723e+00,3.299999999999999822e+00,3.200000000000000000e+05
9.541362336077474637e-01,7.018352956771850337e+00,9.847502441406250639e+00,3.299999999999999822e+00,0.000000000000000000e+00
9.541562113680623902e-01,7.118241758346557368e+00,9.847502441406250639e+00,3.299999999999999822e+00,3.200000000000000000e+05
9.618162873613084196e-01,9.847500534057617827e+00,1.447706909179687473e+00,3.299999999999999822e+00,0.000000000000000000e+00
9.618777726518357163e-01,9.847500534057617827e+00,1.755133361816406223e+00,3.299999999999999822e+00,3.200000000000000000e+05
9.692574954201936821e-01,7.218130559921264400e+00,9.847502441406250639e+00,3.299999999999999822e+00,0.000000000000000000e+00
9.692774732758761003e-01,7.318019838333129634e+00,9.847502441406250639e+00,3.299999999999999822e+00,3.200000000000000000e+05
9.763768426915482301e-01,9.847500534057617827e+00,2.062559814453125195e+00,3.299999999999999822e+00,0.000000000000000000e+00
9.764383279820755268e-01,9.847500534057617827e+00,2.369986267089843945e+00,3.299999999999999822e+00,3.200000000000000000e+05
9.832573441728594821e-01,7.417908639907836665e+00,9.847502441406250639e+00,3.299999999999999822e+00,0.000000000000000000e+00
9.832773219331744086e-01,7.517797441482543697e+00,9.847502441406250639e+00,3.299999999999999822e+00,3.200000000000000000e+05
9.898159848990703003e-01,9.847500534057617827e+00,2.677412719726562695e+00,3.299999999999999822e+00,0.000000000000000000e+00
9.898774701895975969e-01,9.847500534057617827e+00,2.984839172363281445e+00,3.299999999999999822e+00,3.200000000000000000e+05
9.961357799306053140e-01,7.617686243057250728e+00,9.847502441406250639e+00,3.299999999999999822e+00,0.000000000000000000e+00
9.961557576909202405e-01,7.717575044631957759e+00,9.847502441406250639e+00,3.299999999999999822e+00,3.200000000000000000e+05
1.002133714207039894e+00,9.847500534057617827e+00,3.292265625000000195e+00,3.299999999999999822e+00,0.000000000000000000e+00
1.002195199497567302e+00,9.847500534057617827e+00,3.599692077636718945e+00,3.299999999999999822e+00,3.200000000000000000e+05
1.007892802661001230e+00,7.817464323043822993e+00,9.847502441406250639e+00,3.299999999999999822e+00,0.000000000000000000e+00
1.007912780421316157e+00,7.917353124618530025e+00,9.847502441406250639e+00,3.299999999999999822e+00,3.200000000000000000e+05
1.013330030359861800e+00,9.847500534057617827e+00,3.907118530273437695e+00,3.299999999999999822e+00,0.000000000000000000e+00
1.013391515650389207e+00,9.847500534057617827e+00,4.214544982910156001e+00,3.299999999999999822e+00,3.200000000000000000e+05
1.018528412364046787e+00,8.017241926193237944e+00,9.847502441406250639e+00,3.299999999999999822e+00,0.000000000000000000e+00
1.018548390124361713e+00,8.117130727767944975e+00,9.847502441406250639e+00,3.299999999999999822e+00,3.200000000000000000e+05
1.023404933613131229e+00,9.847500534057617827e+00,4.521971435546874751e+00,3.299999999999999822e+00,0.000000000000000000e+00
1.023466418903658637e+00,9.847500534057617827e+00,4.829397888183593501e+00,3.299999999999999822e+00,3.200000000000000000e+05
1.028042609167540089e+00,8.217019529342652007e+00,9.847502441406250639e+00,3.299999999999999822e+00,0.000000000000000000e+00
1.028062586927855016e+00,8.316908330917359038e+00,9.847502441406250639e+00,3.299999999999999822e+00,3.200000000000000000e+05
1.032358423966848404e+00,9.847500534057617827e+00,5.136824340820312251e+00,3.299999999999999822e+00,0.000000000000000000e+00
1.032419909257375812e+00,9.847500534057617827e+00,5.444250793457031001e+00,3.299999999999999822e+00,3.200000000000000000e+05
1.036435392815885592e+00,8.416798086166382475e+00,9.847502441406250639e+00,3.299999999999999822e+00,0.000000000000000000e+00
1.036455370576200519e+00,8.516686887741089507e+00,9.847502441406250639e+00,3.299999999999999822e+00,3.200000000000000000e+05
1.040190500909822235e+00,9.847500534057617827e+00,5.751677246093749751e+00,3.299999999999999822e+00,0.000000000000000000e+00
1.040251986200349643e+00,9.847500534057617827e+00,6.059103698730468501e+00,3.299999999999999822e+00,3.200000000000000000e+05
1.043706763309083074e+00,8.616575689315796538e+00,9.847502441406250639e+00,3.299999999999999822e+00,0.000000000000000000e+00
1.043726741069398001e+00,8.716464490890503569e+00,9.847502441406250639e+00,3.299999999999999822e+00,3.200000000000000000e+05
1.046901164953243368e+00,9.847500534057617827e+00,6.366530151367187251e+00,3.299999999999999822e+00,0.000000000000000000e+00
1.046962650243770776e+00,9.847500534057617827e+00,6.673956604003906001e+00,3.299999999999999822e+00,3.200000000000000000e+05
1.049856720902728080e+00,8.816353292465210600e+00,9.847502441406250639e+00,3.299999999999999822e+00,0.000000000000000000e+00
1.049876698663043006e+00,8.916242094039917632e+00,9.847502441406250639e+00,3.299999999999999822e+00,3.200000000000000000e+05
1.052490416097112247e+00,9.847500534057617827e+00,6.981383056640624751e+00,3.299999999999999822e+00,0.000000000000000000e+00
1.052551901387639655e+00,9.847500534057617827e+00,7.288809509277343501e+00,3.299999999999999822e+00,3.200000000000000000e+05
1.054885265532921945e+00,9.016131134033203764e+00,9.847502441406250639e+00,3.299999999999999822e+00,0.000000000000000000e+00
1.054905243293236872e+00,9.116019935607910796e+00,9.847502441406250639e+00,3.299999999999999822e+00,3.200000000000000000e+05
1.056958254213631099e+00,9.847500534057617827e+00,7.596235961914062251e+00,3.299999999999999822e+00,0.000000000000000000e+00
1.057019739504158506e+00,9.847500534057617827e+00,7.903662414550781001e+00,3.299999999999999822e+00,3.200000000000000000e+05
1.058792397199664448e+00,9.215908737182617827e+00,9.847502441406250639e+00,3.299999999999999822e+00,0.000000000000000000e+00
1.058812375150714358e+00,9.315798492431641264e+00,9.847502441406250639e+00,3.299999999999999822e+00,3.200000000000000000e+05
1.060304679365736913e+00,9.847500534057617827e+00,8.211088867187500639e+00,3.299999999999999822e+00,0.000000000000000000e+00
1.060366164656264321e+00,9.847500534057617827e+00,8.518515319824219389e+00,3.299999999999999822e+00,3.200000000000000000e+05
1.061578115646398812e+00,9.415687294006348296e+00,9.847502441406250639e+00,3.299999999999999822e+00,0.000000000000000000e+00
1.061598093406713739e+00,9.515576095581055327e+00,9.847502441406250639e+00,3.299999999999999822e+00,3.200000000000000000e+05
1.062529691171960167e+00,9.847500534057617827e+00,8.825941772460938139e+00,3.299999999999999822e+00,0.000000000000000000e+00
1.062591176462487574e+00,9.847500534057617827e+00,9.133368225097656889e+00,3.299999999999999822e+00,3.200000000000000000e+05
1.063242421002845939e+00,9.615464897155762358e+00,9.847502441406250639e+00,3.299999999999999822e+00,0.000000000000000000e+00
1.063262398763160865e+00,9.715353698730469389e+00,9.847502441406250639e+00,3.299999999999999822e+00,3.200000000000000000e+05
1.063633290078631166e+00,9.847500534057617827e+00,9.440794677734375639e+00,3.299999999999999822e+00,0.000000000000000000e+00
1.063694775369158574e+00,9.847500534057617827e+00,9.748221130371094389e+00,3.299999999999999822e+00,3.200000000000000000e+05
1.063785313459741033e+00,9.815242500305176421e+00,9.847502441406250639e+00,3.299999999999999822e+00,0.000000000000000000e+00
1.072202534136115659e+00,9.847500057220459624e+00,1.425006103515625011e-01,3.299999999999999822e+00,3.200000000000000000e+05
1.080619706663180857e+00,1.425001335144042980e-01,1.425006103515625011e-01,3.299999999999999822e+00,3.200000000000000000e+05
1.089036880844494570e+00,1.425001335144042980e-01,9.847502441406250639e+00,3.299999999999999822e+00,3.200000000000000000e+05
1.097454053371559768e+00,9.847500057220459624e+00,9.847502441406250639e+00,3.299999999999999822e+00,3.200000000000000000e+05
1.099395053737770800e+00,9.847500057220459624e+00,1.425006103515625011e-01,3.299999999999999822e+00,0.000000000000000000e+00
1.107853523585970557e+00,9.500000000000000111e-02,9.500000000000000111e-02,3.299999999999999822e+00,3.200000000000000000e+05
1.116353090100051126e+00,9.895000190734863921e+00,9.500000000000000111e-02,3.299999999999999822e+00,3.200000000000000000e+05
1.124852659095504581e+00,9.895000190734863921e+00,9.895003051757813139e+00,3.299999999999999822e+00,3.200000000000000000e+05
1.133352225609585151e+00,9.500000000000000111e-02,9.895003051757813139e+00,3.299999999999999822e+00,3.200000000000000000e+05
1.135312226219936660e+00,9.500000000000000111e-02,9.500000000000000111e-02,3.299999999999999822e+00,0.000000000000000000e+00
